image,recording,window,t_start_s,display_order,label_Ch A,label_Ch B,label_Ch C,label_Ch D,label_Ch E,label_Ch F,label_Ch G,label_Ch H,label_Ch I,label_Ch J,seen,rater,seconds_spent,ts
32-0_w002674.png,32__0,2674,13370.0,246,unsure,unsure,clean,bad,clean,clean,clean,clean,,,1,JL,151,2026-07-30T19:53:32.762Z
32-0_w003110.png,32__0,3110,15550.0,103,unsure,clean,clean,bad,clean,clean,clean,clean,,,1,JL,20,2026-07-30T19:53:32.762Z
32-0_w003199.png,32__0,3199,15995.0,314,clean,clean,clean,clean,clean,unsure,bad,clean,,,1,JL,40,2026-07-30T19:53:32.762Z
32-0_w005152.png,32__0,5152,25760.0,162,clean,clean,clean,unsure,bad,clean,clean,clean,,,1,JL,33,2026-07-30T19:53:32.762Z
32-0_w005452.png,32__0,5452,27260.0,425,clean,clean,clean,clean,bad,clean,clean,clean,,,1,JL,8,2026-07-30T19:53:32.762Z
32-0_w005701.png,32__0,5701,28505.0,350,clean,bad,clean,clean,clean,clean,unsure,clean,,,1,JL,13,2026-07-30T19:53:32.762Z
32-0_w005982.png,32__0,5982,29910.0,291,clean,unsure,bad,clean,clean,clean,clean,clean,,,1,JL,29,2026-07-30T19:53:32.762Z
32-0_w007760.png,32__0,7760,38800.0,255,clean,clean,bad,clean,clean,clean,clean,clean,,,1,JL,24,2026-07-30T19:53:32.762Z
32-0_w013698.png,32__0,13698,68490.0,50,clean,unsure,clean,clean,clean,bad,clean,clean,,,1,JL,26,2026-07-30T19:53:32.762Z
32-1_w001327.png,32__1,1327,6635.0,282,unsure,unsure,bad,unsure,unsure,unsure,unsure,unsure,,,1,JL,19,2026-07-30T19:53:32.762Z
32-1_w003065.png,32__1,3065,15325.0,214,clean,bad,clean,unsure,clean,clean,clean,clean,,,1,JL,53,2026-07-30T19:53:32.762Z
32-1_w003513.png,32__1,3513,17565.0,391,unsure,unsure,unsure,bad,unsure,unsure,unsure,unsure,,,1,JL,14,2026-07-30T19:53:32.762Z
32-1_w006516.png,32__1,6516,32580.0,340,unsure,unsure,unsure,unsure,unsure,unsure,unsure,bad,,,1,JL,121,2026-07-30T19:53:32.762Z
32-1_w010506.png,32__1,10506,52530.0,57,clean,clean,clean,clean,clean,clean,bad,clean,,,1,JL,22,2026-07-30T19:53:32.762Z
32-1_w011136.png,32__1,11136,55680.0,420,clean,clean,clean,clean,clean,clean,clean,bad,,,1,JL,13,2026-07-30T19:53:32.762Z
32-1_w014777.png,32__1,14777,73885.0,211,clean,clean,clean,clean,clean,unsure,bad,clean,,,1,JL,60,2026-07-30T19:53:32.762Z
32-1_w017128.png,32__1,17128,85640.0,16,clean,clean,clean,clean,unsure,clean,clean,clean,,,1,JL,12,2026-07-30T19:53:32.762Z
32-2_w005975.png,32__2,5975,29875.0,313,clean,bad,clean,clean,clean,clean,clean,clean,,,1,JL,51,2026-07-30T19:53:32.762Z
32-2_w006484.png,32__2,6484,32420.0,316,unsure,bad,unsure,clean,clean,clean,clean,clean,,,1,JL,53,2026-07-30T19:53:32.762Z
32-2_w008077.png,32__2,8077,40385.0,14,clean,clean,unsure,bad,clean,clean,clean,clean,,,1,JL,30,2026-07-30T19:53:32.762Z
32-2_w009055.png,32__2,9055,45275.0,100,unsure,unsure,bad,unsure,unsure,unsure,unsure,unsure,,,1,JL,26,2026-07-30T19:53:32.762Z
32-2_w009171.png,32__2,9171,45855.0,434,bad,clean,clean,unsure,clean,clean,clean,clean,,,1,JL,56,2026-07-30T19:53:32.762Z
32-2_w010299.png,32__2,10299,51495.0,220,clean,clean,clean,clean,unsure,bad,clean,clean,,,1,JL,36,2026-07-30T19:53:32.762Z
32-2_w013869.png,32__2,13869,69345.0,200,clean,clean,clean,clean,clean,clean,clean,bad,,,1,JL,48,2026-07-30T19:53:32.762Z
32-2_w014072.png,32__2,14072,70360.0,90,bad,bad,bad,bad,bad,bad,bad,bad,,,1,JL,23,2026-07-30T19:53:32.762Z
356-0_w002313.png,356__0,2313,11565.0,398,unsure,unsure,unsure,unsure,unsure,unsure,unsure,unsure,,,1,JL,17,2026-07-30T19:53:32.762Z
356-0_w002727.png,356__0,2727,13635.0,396,unsure,clean,bad,bad,unsure,clean,clean,clean,,,1,JL,28,2026-07-30T19:53:32.762Z
356-0_w002730.png,356__0,2730,13650.0,3,unsure,clean,clean,unsure,unsure,clean,unsure,clean,,,1,JL,48,2026-07-30T19:53:32.762Z
356-0_w003181.png,356__0,3181,15905.0,244,unsure,clean,clean,clean,unsure,unsure,unsure,clean,,,1,JL,32,2026-07-30T19:53:32.762Z
356-0_w004142.png,356__0,4142,20710.0,230,unsure,unsure,unsure,unsure,unsure,unsure,unsure,unsure,,,1,JL,36,2026-07-30T19:53:32.762Z
356-0_w004269.png,356__0,4269,21345.0,32,clean,clean,unsure,clean,unsure,clean,unsure,unsure,,,1,JL,41,2026-07-30T19:53:32.762Z
356-0_w006304.png,356__0,6304,31520.0,402,clean,unsure,unsure,clean,clean,clean,unsure,unsure,,,1,JL,11,2026-07-30T19:53:32.762Z
356-0_w010296.png,356__0,10296,51480.0,240,unsure,unsure,unsure,unsure,unsure,unsure,unsure,unsure,,,1,JL,24,2026-07-30T19:53:32.762Z
356-0_w011953.png,356__0,11953,59765.0,168,unsure,unsure,unsure,unsure,unsure,unsure,unsure,unsure,,,1,JL,26,2026-07-30T19:53:32.762Z
356-1_w001327.png,356__1,1327,6635.0,366,unsure,unsure,unsure,unsure,unsure,unsure,unsure,unsure,,,1,JL,32,2026-07-30T19:53:32.762Z
356-1_w003065.png,356__1,3065,15325.0,199,unsure,unsure,clean,clean,clean,unsure,unsure,clean,,,1,JL,17,2026-07-30T19:53:32.762Z
356-1_w004213.png,356__1,4213,21065.0,310,bad,bad,bad,bad,bad,bad,bad,bad,,,1,JL,11,2026-07-30T19:53:32.762Z
356-1_w006198.png,356__1,6198,30990.0,333,unsure,unsure,unsure,unsure,unsure,unsure,unsure,unsure,,,1,JL,45,2026-07-30T19:53:32.762Z
356-1_w010396.png,356__1,10396,51980.0,466,clean,unsure,clean,unsure,unsure,unsure,clean,clean,,,1,JL,1801,2026-07-30T19:53:32.762Z
356-1_w011871.png,356__1,11871,59355.0,464,unsure,unsure,unsure,unsure,unsure,unsure,unsure,bad,,,1,JL,29,2026-07-30T19:53:32.762Z
356-1_w014047.png,356__1,14047,70235.0,367,clean,unsure,clean,clean,unsure,clean,unsure,unsure,,,1,JL,17,2026-07-30T19:53:32.762Z
356-1_w015704.png,356__1,15704,78520.0,248,bad,bad,bad,bad,bad,bad,bad,bad,,,1,JL,32,2026-07-30T19:53:32.762Z
356-2_w001327.png,356__2,1327,6635.0,128,unsure,clean,clean,clean,clean,unsure,unsure,unsure,,,1,JL,17,2026-07-30T19:53:32.762Z
356-2_w003065.png,356__2,3065,15325.0,194,unsure,clean,clean,unsure,unsure,clean,unsure,clean,,,1,JL,14,2026-07-30T19:53:32.762Z
356-2_w003513.png,356__2,3513,17565.0,104,clean,unsure,unsure,clean,clean,unsure,unsure,clean,,,1,JL,72,2026-07-30T19:53:32.762Z
356-2_w006516.png,356__2,6516,32580.0,23,clean,unsure,clean,unsure,clean,clean,unsure,unsure,,,1,JL,20,2026-07-30T19:53:32.762Z
356-2_w010506.png,356__2,10506,52530.0,309,bad,bad,bad,bad,bad,bad,bad,bad,,,1,JL,22,2026-07-30T19:53:32.762Z
356-2_w011136.png,356__2,11136,55680.0,55,unsure,clean,unsure,unsure,unsure,unsure,clean,unsure,,,1,JL,221,2026-07-30T19:53:32.762Z
356-2_w014777.png,356__2,14777,73885.0,456,unsure,unsure,unsure,clean,clean,unsure,clean,clean,,,1,JL,82,2026-07-30T19:53:32.762Z
356-2_w017128.png,356__2,17128,85640.0,222,clean,clean,unsure,clean,unsure,unsure,unsure,clean,,,1,JL,43,2026-07-30T19:53:32.762Z
385-0_w000135.png,385__0,135,675.0,151,clean,clean,clean,clean,clean,clean,clean,clean,,,1,JL,18,2026-07-30T19:53:32.762Z
385-0_w001582.png,385__0,1582,7910.0,296,clean,clean,clean,clean,clean,clean,clean,clean,,,1,JL,22,2026-07-30T19:53:32.762Z
385-0_w003395.png,385__0,3395,16975.0,260,clean,clean,clean,clean,unsure,clean,clean,clean,,,1,JL,41,2026-07-30T19:53:32.762Z
385-0_w003733.png,385__0,3733,18665.0,247,clean,clean,clean,clean,clean,clean,clean,clean,,,1,JL,5,2026-07-30T19:53:32.762Z
385-0_w008989.png,385__0,8989,44945.0,471,unsure,unsure,unsure,unsure,unsure,unsure,unsure,unsure,,,1,JL,312,2026-07-30T19:53:32.762Z
385-0_w009710.png,385__0,9710,48550.0,499,clean,clean,clean,clean,clean,clean,clean,clean,,,1,JL,1198,2026-07-30T19:53:32.762Z
385-0_w011887.png,385__0,11887,59435.0,342,unsure,clean,clean,clean,clean,clean,clean,clean,,,1,JL,17,2026-07-30T19:53:32.762Z
385-0_w014080.png,385__0,14080,70400.0,290,unsure,unsure,unsure,unsure,unsure,unsure,unsure,unsure,,,1,JL,335,2026-07-30T19:53:32.762Z
385-0_w014336.png,385__0,14336,71680.0,336,unsure,unsure,unsure,unsure,unsure,unsure,unsure,unsure,,,1,JL,20,2026-07-30T19:53:32.762Z
385-1_w001327.png,385__1,1327,6635.0,482,clean,clean,clean,clean,clean,clean,clean,clean,,,1,JL,6,2026-07-30T19:53:32.762Z
385-1_w003065.png,385__1,3065,15325.0,349,clean,clean,clean,clean,clean,clean,clean,clean,,,1,JL,13,2026-07-30T19:53:32.762Z
385-1_w003513.png,385__1,3513,17565.0,429,clean,clean,clean,clean,clean,clean,clean,clean,,,1,JL,23,2026-07-30T19:53:32.762Z
385-1_w006516.png,385__1,6516,32580.0,408,event,event,event,event,event,event,event,event,,,1,JL,81,2026-07-30T19:53:32.762Z
385-1_w010393.png,385__1,10393,51965.0,415,clean,clean,clean,clean,clean,clean,clean,clean,,,1,JL,6,2026-07-30T19:53:32.762Z
385-1_w010503.png,385__1,10503,52515.0,122,clean,clean,clean,clean,clean,clean,clean,clean,,,1,JL,18,2026-07-30T19:53:32.762Z
385-1_w011135.png,385__1,11135,55675.0,93,event,event,event,event,event,event,event,event,,,1,JL,38,2026-07-30T19:53:32.762Z
385-1_w017127.png,385__1,17127,85635.0,8,bad,bad,bad,bad,bad,bad,bad,bad,,,1,JL,24,2026-07-30T19:53:32.762Z
385-2_w000035.png,385__2,35,175.0,138,bad,bad,bad,bad,bad,bad,bad,bad,,,1,JL,22,2026-07-30T19:53:32.762Z
385-2_w001628.png,385__2,1628,8140.0,5,bad,bad,bad,bad,bad,bad,bad,bad,,,1,JL,13,2026-07-30T19:53:32.762Z
385-2_w001758.png,385__2,1758,8790.0,264,bad,bad,bad,bad,bad,bad,bad,bad,,,1,JL,13,2026-07-30T19:53:32.762Z
385-2_w002708.png,385__2,2708,13540.0,438,bad,bad,bad,bad,bad,bad,bad,bad,,,1,JL,6,2026-07-30T19:53:32.762Z
385-2_w002832.png,385__2,2832,14160.0,345,bad,bad,bad,bad,bad,bad,bad,bad,,,1,JL,9,2026-07-30T19:53:32.762Z
385-2_w003213.png,385__2,3213,16065.0,458,bad,bad,bad,bad,bad,bad,bad,bad,,,1,JL,10,2026-07-30T19:53:32.762Z
385-2_w003499.png,385__2,3499,17495.0,152,bad,bad,bad,bad,bad,bad,bad,bad,,,1,JL,7,2026-07-30T19:53:32.762Z
385-2_w004602.png,385__2,4602,23010.0,10,bad,bad,bad,bad,bad,bad,bad,bad,,,1,JL,11,2026-07-30T19:53:32.762Z
399-0_w000135.png,399__0,135,675.0,18,clean,clean,clean,clean,clean,clean,clean,clean,,,1,JL,34,2026-07-30T19:53:32.762Z
399-0_w001582.png,399__0,1582,7910.0,92,bad,bad,bad,bad,bad,bad,bad,bad,,,1,JL,15,2026-07-30T19:53:32.762Z
399-0_w003395.png,399__0,3395,16975.0,186,bad,bad,bad,bad,bad,bad,bad,bad,,,1,JL,9,2026-07-30T19:53:32.762Z
399-0_w003733.png,399__0,3733,18665.0,114,bad,bad,bad,bad,bad,bad,bad,bad,,,1,JL,16,2026-07-30T19:53:32.762Z
399-0_w008989.png,399__0,8989,44945.0,129,bad,bad,bad,bad,bad,bad,bad,bad,,,1,JL,16,2026-07-30T19:53:32.762Z
399-0_w009710.png,399__0,9710,48550.0,321,bad,bad,bad,bad,bad,bad,bad,bad,,,1,JL,7,2026-07-30T19:53:32.762Z
399-0_w011887.png,399__0,11887,59435.0,289,bad,bad,bad,bad,bad,bad,bad,bad,,,1,JL,4,2026-07-30T19:53:32.762Z
399-0_w014080.png,399__0,14080,70400.0,348,bad,bad,bad,bad,bad,bad,bad,bad,,,1,JL,9,2026-07-30T19:53:32.762Z
399-0_w014336.png,399__0,14336,71680.0,106,bad,bad,bad,bad,bad,bad,bad,bad,,,1,JL,9,2026-07-30T19:53:32.762Z
399-1_w001327.png,399__1,1327,6635.0,180,bad,bad,bad,bad,bad,bad,bad,bad,,,1,JL,22,2026-07-30T19:53:32.762Z
399-1_w003065.png,399__1,3065,15325.0,203,bad,bad,bad,bad,bad,bad,bad,bad,,,1,JL,22,2026-07-30T19:53:32.762Z
399-1_w003513.png,399__1,3513,17565.0,34,bad,bad,bad,bad,bad,bad,bad,bad,,,1,JL,15,2026-07-30T19:53:32.762Z
399-1_w006516.png,399__1,6516,32580.0,119,bad,bad,bad,bad,bad,bad,bad,bad,,,1,JL,7,2026-07-30T19:53:32.762Z
399-1_w010393.png,399__1,10393,51965.0,459,bad,bad,bad,bad,bad,bad,bad,bad,,,1,JL,9,2026-07-30T19:53:32.762Z
399-1_w010503.png,399__1,10503,52515.0,20,bad,bad,bad,bad,bad,bad,bad,bad,,,1,JL,7,2026-07-30T19:53:32.762Z
399-1_w011135.png,399__1,11135,55675.0,268,bad,bad,bad,bad,bad,bad,bad,bad,,,1,JL,16,2026-07-30T19:53:32.762Z
399-1_w017127.png,399__1,17127,85635.0,238,bad,bad,bad,bad,bad,bad,bad,bad,,,1,JL,14,2026-07-30T19:53:32.762Z
399-2_w000035.png,399__2,35,175.0,410,bad,bad,bad,bad,bad,bad,bad,bad,,,1,JL,5,2026-07-30T19:53:32.762Z
399-2_w001628.png,399__2,1628,8140.0,137,bad,bad,bad,bad,bad,bad,bad,bad,,,1,JL,5,2026-07-30T19:53:32.762Z
399-2_w001758.png,399__2,1758,8790.0,75,bad,bad,bad,bad,bad,bad,bad,bad,,,1,JL,51,2026-07-30T19:53:32.762Z
399-2_w002708.png,399__2,2708,13540.0,453,bad,bad,bad,bad,bad,bad,bad,bad,,,1,JL,160,2026-07-30T19:53:32.762Z
399-2_w002832.png,399__2,2832,14160.0,477,bad,bad,bad,bad,bad,bad,bad,bad,,,1,JL,4,2026-07-30T19:53:32.762Z
399-2_w003213.png,399__2,3213,16065.0,364,bad,bad,bad,bad,bad,bad,bad,bad,,,1,JL,15,2026-07-30T19:53:32.762Z
399-2_w003499.png,399__2,3499,17495.0,389,bad,bad,bad,bad,bad,bad,bad,bad,,,1,JL,16,2026-07-30T19:53:32.762Z
399-2_w004602.png,399__2,4602,23010.0,163,bad,bad,bad,bad,bad,bad,bad,bad,,,1,JL,6,2026-07-30T19:53:32.762Z
432-0_w003335.png,432__0,3335,16675.0,158,clean,clean,clean,clean,clean,clean,clean,clean,,,1,JL,26,2026-07-30T19:53:32.762Z
432-0_w003493.png,432__0,3493,17465.0,21,clean,clean,clean,clean,clean,clean,clean,clean,,,1,JL,22,2026-07-30T19:53:32.762Z
432-0_w003680.png,432__0,3680,18400.0,229,clean,clean,clean,clean,clean,clean,clean,clean,,,1,JL,32,2026-07-30T19:53:32.762Z
432-0_w006930.png,432__0,6930,34650.0,269,clean,clean,clean,clean,clean,clean,clean,clean,,,1,JL,6,2026-07-30T19:53:32.762Z
432-0_w007732.png,432__0,7732,38660.0,70,event,event,event,event,event,event,event,event,,,1,JL,23,2026-07-30T19:53:32.762Z
432-0_w008235.png,432__0,8235,41175.0,274,clean,clean,clean,clean,clean,clean,clean,clean,,,1,JL,14,2026-07-30T19:53:32.762Z
432-0_w008614.png,432__0,8614,43070.0,113,clean,clean,clean,clean,clean,clean,clean,clean,,,1,JL,195,2026-07-30T19:53:32.762Z
432-0_w009708.png,432__0,9708,48540.0,72,clean,clean,clean,clean,clean,clean,clean,clean,,,1,JL,27,2026-07-30T19:53:32.762Z
432-0_w011420.png,432__0,11420,57100.0,144,clean,clean,clean,unsure,clean,clean,clean,clean,,,1,JL,15,2026-07-30T19:53:32.762Z
432-1_w001327.png,432__1,1327,6635.0,454,clean,clean,clean,clean,clean,clean,clean,clean,,,1,JL,15,2026-07-30T19:53:32.762Z
432-1_w003065.png,432__1,3065,15325.0,29,clean,clean,clean,clean,clean,clean,clean,clean,,,1,JL,20,2026-07-30T19:53:32.762Z
432-1_w003513.png,432__1,3513,17565.0,285,clean,clean,clean,clean,clean,clean,clean,clean,,,1,JL,25,2026-07-30T19:53:32.762Z
432-1_w006516.png,432__1,6516,32580.0,370,clean,clean,clean,clean,clean,clean,clean,clean,,,1,JL,3,2026-07-30T19:53:32.762Z
432-1_w010393.png,432__1,10393,51965.0,143,clean,clean,clean,clean,clean,clean,clean,clean,,,1,JL,31,2026-07-30T19:53:32.762Z
432-1_w010503.png,432__1,10503,52515.0,181,clean,clean,clean,clean,clean,clean,clean,clean,,,1,JL,13,2026-07-30T19:53:32.762Z
432-1_w011135.png,432__1,11135,55675.0,60,bad,bad,bad,bad,bad,bad,bad,bad,,,1,JL,145,2026-07-30T19:53:32.762Z
432-1_w017127.png,432__1,17127,85635.0,132,unsure,unsure,unsure,unsure,unsure,unsure,unsure,unsure,,,1,JL,810,2026-07-30T19:53:32.762Z
432-2_w001327.png,432__2,1327,6635.0,56,clean,clean,clean,clean,clean,clean,clean,clean,,,1,JL,1,2026-07-30T19:53:32.762Z
432-2_w003065.png,432__2,3065,15325.0,139,bad,bad,bad,bad,bad,bad,bad,bad,,,1,JL,15,2026-07-30T19:53:32.762Z
432-2_w003513.png,432__2,3513,17565.0,52,clean,clean,clean,clean,clean,clean,clean,clean,,,1,JL,8,2026-07-30T19:53:32.762Z
432-2_w006516.png,432__2,6516,32580.0,307,event,bad,event,event,event,event,event,event,,,1,JL,23,2026-07-30T19:53:32.762Z
432-2_w010393.png,432__2,10393,51965.0,337,clean,clean,clean,clean,bad,clean,clean,clean,,,1,JL,26,2026-07-30T19:53:32.762Z
432-2_w010503.png,432__2,10503,52515.0,437,clean,clean,clean,clean,clean,clean,clean,clean,,,1,JL,13,2026-07-30T19:53:32.762Z
432-2_w011135.png,432__2,11135,55675.0,412,clean,clean,clean,clean,clean,clean,clean,clean,,,1,JL,31,2026-07-30T19:53:32.762Z
432-2_w017127.png,432__2,17127,85635.0,300,clean,clean,clean,clean,unsure,clean,clean,clean,,,1,JL,13,2026-07-30T19:53:32.762Z
ArxRosa-1015-0_w002495.png,ArxRosa-1015__0,2495,12475.0,433,unsure,clean,clean,bad,unsure,clean,unsure,unsure,,,1,JL,57,2026-07-30T19:53:32.762Z
ArxRosa-1015-0_w002530.png,ArxRosa-1015__0,2530,12650.0,339,clean,unsure,bad,clean,clean,clean,clean,unsure,,,1,JL,64,2026-07-30T19:53:32.762Z
ArxRosa-1015-0_w003461.png,ArxRosa-1015__0,3461,17305.0,202,unsure,bad,bad,unsure,unsure,unsure,unsure,unsure,,,1,JL,121,2026-07-30T19:53:32.762Z
ArxRosa-1015-0_w003718.png,ArxRosa-1015__0,3718,18590.0,397,clean,bad,unsure,clean,clean,clean,clean,clean,,,1,JL,43,2026-07-30T19:53:32.762Z
ArxRosa-1015-0_w005408.png,ArxRosa-1015__0,5408,27040.0,176,clean,unsure,clean,clean,clean,clean,clean,bad,,,1,JL,18,2026-07-30T19:53:32.762Z
ArxRosa-1015-0_w006971.png,ArxRosa-1015__0,6971,34855.0,390,unsure,clean,clean,clean,bad,clean,clean,clean,,,1,JL,20,2026-07-30T19:53:32.762Z
ArxRosa-1015-0_w009947.png,ArxRosa-1015__0,9947,49735.0,153,clean,unsure,clean,bad,clean,clean,clean,clean,,,1,JL,87,2026-07-30T19:53:32.762Z
ArxRosa-1015-0_w011862.png,ArxRosa-1015__0,11862,59310.0,117,clean,clean,bad,clean,unsure,clean,clean,clean,,,1,JL,37,2026-07-30T19:53:32.762Z
ArxRosa-1015-0_w012920.png,ArxRosa-1015__0,12920,64600.0,28,clean,clean,unsure,bad,clean,clean,clean,clean,,,1,JL,19,2026-07-30T19:53:32.762Z
ArxRosa-1015-1_w001327.png,ArxRosa-1015__1,1327,6635.0,419,clean,clean,clean,clean,unsure,clean,unsure,bad,,,1,JL,16,2026-07-30T19:53:32.762Z
ArxRosa-1015-1_w003065.png,ArxRosa-1015__1,3065,15325.0,447,unsure,bad,unsure,unsure,unsure,unsure,unsure,unsure,,,1,JL,38,2026-07-30T19:53:32.762Z
ArxRosa-1015-1_w003513.png,ArxRosa-1015__1,3513,17565.0,80,bad,unsure,unsure,unsure,unsure,unsure,unsure,unsure,,,1,JL,21,2026-07-30T19:53:32.762Z
ArxRosa-1015-1_w006516.png,ArxRosa-1015__1,6516,32580.0,53,bad,clean,clean,bad,clean,clean,clean,bad,,,1,JL,35,2026-07-30T19:53:32.762Z
ArxRosa-1015-1_w010506.png,ArxRosa-1015__1,10506,52530.0,110,unsure,unsure,unsure,unsure,unsure,bad,unsure,unsure,,,1,JL,52,2026-07-30T19:53:32.762Z
ArxRosa-1015-1_w011136.png,ArxRosa-1015__1,11136,55680.0,362,bad,clean,clean,clean,clean,clean,clean,unsure,,,1,JL,22,2026-07-30T19:53:32.762Z
ArxRosa-1015-1_w014777.png,ArxRosa-1015__1,14777,73885.0,293,unsure,clean,clean,clean,unsure,bad,unsure,unsure,,,1,JL,33,2026-07-30T19:53:32.762Z
ArxRosa-1015-1_w017128.png,ArxRosa-1015__1,17128,85640.0,460,unsure,bad,clean,clean,clean,clean,clean,clean,,,1,JL,21,2026-07-30T19:53:32.762Z
ArxRosa-1015-2_w001548.png,ArxRosa-1015__2,1548,7740.0,253,clean,clean,bad,bad,bad,clean,unsure,unsure,,,1,JL,43,2026-07-30T19:53:32.762Z
ArxRosa-1015-2_w002127.png,ArxRosa-1015__2,2127,10635.0,169,bad,clean,clean,unsure,clean,clean,clean,clean,,,1,JL,16,2026-07-30T19:53:32.762Z
ArxRosa-1015-2_w002207.png,ArxRosa-1015__2,2207,11035.0,355,clean,unsure,clean,unsure,clean,clean,clean,bad,,,1,JL,17,2026-07-30T19:53:32.762Z
ArxRosa-1015-2_w002389.png,ArxRosa-1015__2,2389,11945.0,311,unsure,clean,clean,clean,clean,clean,clean,bad,,,1,JL,18,2026-07-30T19:53:32.762Z
ArxRosa-1015-2_w002477.png,ArxRosa-1015__2,2477,12385.0,400,bad,unsure,clean,clean,unsure,clean,clean,clean,,,1,JL,29,2026-07-30T19:53:32.762Z
ArxRosa-1015-2_w003082.png,ArxRosa-1015__2,3082,15410.0,498,clean,bad,clean,unsure,clean,clean,clean,clean,,,1,JL,49,2026-07-30T19:53:32.762Z
ArxRosa-1015-2_w003479.png,ArxRosa-1015__2,3479,17395.0,359,clean,clean,unsure,clean,clean,unsure,clean,bad,,,1,JL,32,2026-07-30T19:53:32.762Z
ArxRosa-1015-2_w005591.png,ArxRosa-1015__2,5591,27955.0,88,unsure,unsure,unsure,unsure,unsure,unsure,unsure,bad,,,1,JL,97,2026-07-30T19:53:32.762Z
ArxRosa-1017-0_w002495.png,ArxRosa-1017__0,2495,12475.0,377,unsure,clean,unsure,clean,clean,unsure,clean,clean,,,1,JL,23,2026-07-30T19:53:32.762Z
ArxRosa-1017-0_w002530.png,ArxRosa-1017__0,2530,12650.0,271,unsure,bad,clean,clean,clean,clean,unsure,clean,,,1,JL,32,2026-07-30T19:53:32.762Z
ArxRosa-1017-0_w003461.png,ArxRosa-1017__0,3461,17305.0,326,unsure,clean,clean,clean,clean,unsure,clean,unsure,,,1,JL,19,2026-07-30T19:53:32.762Z
ArxRosa-1017-0_w003718.png,ArxRosa-1017__0,3718,18590.0,234,unsure,clean,clean,clean,clean,clean,unsure,unsure,,,1,JL,21,2026-07-30T19:53:32.762Z
ArxRosa-1017-0_w005408.png,ArxRosa-1017__0,5408,27040.0,131,unsure,clean,clean,clean,unsure,clean,clean,clean,,,1,JL,30,2026-07-30T19:53:32.762Z
ArxRosa-1017-0_w006971.png,ArxRosa-1017__0,6971,34855.0,480,unsure,clean,unsure,clean,clean,unsure,clean,clean,,,1,JL,30,2026-07-30T19:53:32.762Z
ArxRosa-1017-0_w009947.png,ArxRosa-1017__0,9947,49735.0,155,unsure,clean,unsure,clean,clean,clean,clean,unsure,,,1,JL,25,2026-07-30T19:53:32.762Z
ArxRosa-1017-0_w011862.png,ArxRosa-1017__0,11862,59310.0,448,unsure,unsure,unsure,clean,clean,clean,clean,clean,,,1,JL,15,2026-07-30T19:53:32.762Z
ArxRosa-1017-0_w012920.png,ArxRosa-1017__0,12920,64600.0,318,clean,unsure,clean,clean,clean,clean,unsure,bad,,,1,JL,961,2026-07-30T19:53:32.762Z
ArxRosa-1017-1_w001327.png,ArxRosa-1017__1,1327,6635.0,489,clean,clean,unsure,unsure,clean,clean,unsure,clean,,,1,JL,24,2026-07-30T19:53:32.762Z
ArxRosa-1017-1_w003065.png,ArxRosa-1017__1,3065,15325.0,335,clean,unsure,clean,clean,clean,unsure,clean,unsure,,,1,JL,29,2026-07-30T19:53:32.762Z
ArxRosa-1017-1_w003513.png,ArxRosa-1017__1,3513,17565.0,281,clean,unsure,clean,clean,clean,unsure,clean,bad,,,1,JL,17,2026-07-30T19:53:32.762Z
ArxRosa-1017-1_w006516.png,ArxRosa-1017__1,6516,32580.0,344,clean,bad,clean,bad,clean,unsure,clean,unsure,,,1,JL,29,2026-07-30T19:53:32.762Z
ArxRosa-1017-1_w010506.png,ArxRosa-1017__1,10506,52530.0,1,clean,clean,clean,clean,clean,clean,clean,clean,,,1,JL,85219,2026-07-30T19:53:32.762Z
ArxRosa-1017-1_w011136.png,ArxRosa-1017__1,11136,55680.0,0,clean,unsure,unsure,clean,bad,clean,bad,clean,,,1,JL,51,2026-07-30T19:53:32.762Z
ArxRosa-1017-1_w014777.png,ArxRosa-1017__1,14777,73885.0,19,unsure,unsure,unsure,unsure,unsure,unsure,unsure,unsure,,,1,JL,4772,2026-07-30T19:53:32.762Z
ArxRosa-1017-1_w017128.png,ArxRosa-1017__1,17128,85640.0,319,unsure,unsure,clean,clean,bad,clean,clean,unsure,,,1,JL,35,2026-07-30T19:53:32.762Z
ArxRosa-1017-2_w001548.png,ArxRosa-1017__2,1548,7740.0,406,unsure,clean,unsure,clean,clean,unsure,clean,unsure,,,1,JL,24,2026-07-30T19:53:32.762Z
ArxRosa-1017-2_w002127.png,ArxRosa-1017__2,2127,10635.0,413,clean,unsure,clean,unsure,clean,clean,unsure,unsure,,,1,JL,18,2026-07-30T19:53:32.762Z
ArxRosa-1017-2_w002207.png,ArxRosa-1017__2,2207,11035.0,136,unsure,unsure,unsure,unsure,unsure,unsure,unsure,unsure,,,1,JL,14,2026-07-30T19:53:32.762Z
ArxRosa-1017-2_w002389.png,ArxRosa-1017__2,2389,11945.0,45,unsure,unsure,unsure,unsure,unsure,unsure,unsure,unsure,,,1,JL,21,2026-07-30T19:53:32.762Z
ArxRosa-1017-2_w002477.png,ArxRosa-1017__2,2477,12385.0,329,unsure,unsure,clean,clean,unsure,unsure,clean,clean,,,1,JL,30,2026-07-30T19:53:32.762Z
ArxRosa-1017-2_w003082.png,ArxRosa-1017__2,3082,15410.0,123,clean,unsure,unsure,clean,clean,unsure,unsure,clean,,,1,JL,23,2026-07-30T19:53:32.762Z
ArxRosa-1017-2_w003479.png,ArxRosa-1017__2,3479,17395.0,216,clean,unsure,clean,clean,clean,unsure,unsure,clean,,,1,JL,21,2026-07-30T19:53:32.762Z
ArxRosa-1017-2_w005591.png,ArxRosa-1017__2,5591,27955.0,178,clean,clean,unsure,unsure,clean,unsure,clean,clean,,,1,JL,46,2026-07-30T19:53:32.762Z
ArxRosa-1201-0_w000181.png,ArxRosa-1201__0,181,905.0,245,bad,unsure,unsure,bad,bad,bad,bad,bad,,,1,JL,926,2026-07-30T19:53:32.762Z
ArxRosa-1201-0_w000647.png,ArxRosa-1201__0,647,3235.0,341,bad,bad,bad,bad,bad,bad,bad,bad,,,1,JL,11,2026-07-30T19:53:32.762Z
ArxRosa-1201-0_w003559.png,ArxRosa-1201__0,3559,17795.0,365,bad,bad,bad,bad,bad,bad,bad,bad,,,1,JL,12,2026-07-30T19:53:32.762Z
ArxRosa-1201-0_w004720.png,ArxRosa-1201__0,4720,23600.0,115,bad,bad,bad,bad,bad,bad,bad,bad,,,1,JL,12,2026-07-30T19:53:32.762Z
ArxRosa-1201-0_w005182.png,ArxRosa-1201__0,5182,25910.0,44,bad,bad,bad,bad,bad,bad,bad,bad,,,1,JL,5,2026-07-30T19:53:32.762Z
ArxRosa-1201-0_w008180.png,ArxRosa-1201__0,8180,40900.0,256,bad,bad,bad,bad,bad,bad,bad,bad,,,1,JL,5,2026-07-30T19:53:32.762Z
ArxRosa-1201-0_w012151.png,ArxRosa-1201__0,12151,60755.0,302,bad,bad,bad,bad,bad,bad,bad,bad,,,1,JL,6,2026-07-30T19:53:32.762Z
ArxRosa-1201-0_w012587.png,ArxRosa-1201__0,12587,62935.0,66,bad,bad,bad,bad,bad,bad,bad,bad,,,1,JL,6,2026-07-30T19:53:32.762Z
ArxRosa-1201-0_w016971.png,ArxRosa-1201__0,16971,84855.0,167,bad,bad,bad,bad,bad,bad,bad,bad,,,1,JL,15,2026-07-30T19:53:32.762Z
ArxRosa-1201-1_w001327.png,ArxRosa-1201__1,1327,6635.0,2,unsure,bad,bad,bad,bad,unsure,unsure,bad,,,1,JL,46,2026-07-30T19:53:32.762Z
ArxRosa-1201-1_w003065.png,ArxRosa-1201__1,3065,15325.0,46,bad,bad,bad,bad,bad,bad,bad,bad,,,1,JL,27,2026-07-30T19:53:32.762Z
ArxRosa-1201-1_w003513.png,ArxRosa-1201__1,3513,17565.0,188,bad,bad,bad,bad,bad,bad,bad,bad,,,1,JL,9,2026-07-30T19:53:32.762Z
ArxRosa-1201-1_w006516.png,ArxRosa-1201__1,6516,32580.0,116,bad,bad,bad,bad,bad,bad,bad,bad,,,1,JL,7,2026-07-30T19:53:32.762Z
ArxRosa-1201-1_w010506.png,ArxRosa-1201__1,10506,52530.0,68,bad,bad,bad,bad,bad,bad,bad,bad,,,1,JL,28,2026-07-30T19:53:32.762Z
ArxRosa-1201-1_w011136.png,ArxRosa-1201__1,11136,55680.0,334,bad,bad,bad,bad,bad,bad,bad,bad,,,1,JL,13,2026-07-30T19:53:32.762Z
ArxRosa-1201-1_w014777.png,ArxRosa-1201__1,14777,73885.0,6,bad,unsure,bad,bad,bad,unsure,unsure,bad,,,1,JL,34,2026-07-30T19:53:32.762Z
ArxRosa-1201-1_w017128.png,ArxRosa-1201__1,17128,85640.0,338,bad,bad,bad,bad,bad,bad,bad,bad,,,1,JL,6,2026-07-30T19:53:32.762Z
ArxRosa-1201-2_w002138.png,ArxRosa-1201__2,2138,10690.0,140,bad,bad,bad,bad,bad,bad,bad,bad,,,1,JL,12,2026-07-30T19:53:32.762Z
ArxRosa-1201-2_w004057.png,ArxRosa-1201__2,4057,20285.0,356,bad,bad,bad,bad,bad,bad,bad,bad,,,1,JL,16,2026-07-30T19:53:32.762Z
ArxRosa-1201-2_w006557.png,ArxRosa-1201__2,6557,32785.0,17,bad,bad,bad,bad,bad,bad,bad,bad,,,1,JL,194,2026-07-30T19:53:32.762Z
ArxRosa-1201-2_w006861.png,ArxRosa-1201__2,6861,34305.0,101,bad,bad,bad,bad,bad,bad,bad,bad,,,1,JL,5,2026-07-30T19:53:32.762Z
ArxRosa-1201-2_w011553.png,ArxRosa-1201__2,11553,57765.0,43,bad,bad,bad,bad,bad,bad,bad,bad,,,1,JL,5,2026-07-30T19:53:32.762Z
ArxRosa-1201-2_w011824.png,ArxRosa-1201__2,11824,59120.0,416,bad,bad,bad,bad,bad,bad,bad,bad,,,1,JL,11,2026-07-30T19:53:32.762Z
ArxRosa-1201-2_w013631.png,ArxRosa-1201__2,13631,68155.0,343,bad,bad,bad,bad,bad,bad,bad,bad,,,1,JL,11,2026-07-30T19:53:32.762Z
ArxRosa-1201-2_w014734.png,ArxRosa-1201__2,14734,73670.0,204,bad,bad,bad,bad,bad,bad,bad,bad,,,1,JL,4,2026-07-30T19:53:32.762Z
ArxRosa-1211-0_w000181.png,ArxRosa-1211__0,181,905.0,71,clean,clean,clean,clean,unsure,clean,clean,unsure,,,1,JL,39,2026-07-30T19:53:32.762Z
ArxRosa-1211-0_w000647.png,ArxRosa-1211__0,647,3235.0,41,clean,unsure,clean,clean,clean,clean,unsure,clean,,,1,JL,33,2026-07-30T19:53:32.762Z
ArxRosa-1211-0_w003559.png,ArxRosa-1211__0,3559,17795.0,12,unsure,clean,unsure,unsure,clean,clean,clean,unsure,,,1,JL,81,2026-07-30T19:53:32.762Z
ArxRosa-1211-0_w004720.png,ArxRosa-1211__0,4720,23600.0,278,clean,clean,clean,clean,clean,clean,unsure,unsure,,,1,JL,33,2026-07-30T19:53:32.762Z
ArxRosa-1211-0_w005182.png,ArxRosa-1211__0,5182,25910.0,235,unsure,clean,clean,clean,clean,clean,unsure,unsure,,,1,JL,22,2026-07-30T19:53:32.762Z
ArxRosa-1211-0_w008180.png,ArxRosa-1211__0,8180,40900.0,134,clean,clean,clean,clean,clean,unsure,unsure,clean,,,1,JL,75,2026-07-30T19:53:32.762Z
ArxRosa-1211-0_w012151.png,ArxRosa-1211__0,12151,60755.0,187,unsure,clean,clean,clean,unsure,clean,clean,clean,,,1,JL,1073,2026-07-30T19:53:32.762Z
ArxRosa-1211-0_w012587.png,ArxRosa-1211__0,12587,62935.0,27,clean,unsure,clean,clean,clean,unsure,clean,clean,,,1,JL,58,2026-07-30T19:53:32.762Z
ArxRosa-1211-0_w016971.png,ArxRosa-1211__0,16971,84855.0,493,unsure,clean,unsure,clean,clean,unsure,clean,clean,,,1,JL,50,2026-07-30T19:53:32.762Z
ArxRosa-1211-1_w001327.png,ArxRosa-1211__1,1327,6635.0,61,clean,unsure,clean,clean,unsure,clean,clean,clean,,,1,JL,18,2026-07-30T19:53:32.762Z
ArxRosa-1211-1_w003065.png,ArxRosa-1211__1,3065,15325.0,22,clean,unsure,unsure,clean,clean,clean,clean,unsure,,,1,JL,56,2026-07-30T19:53:32.762Z
ArxRosa-1211-1_w003513.png,ArxRosa-1211__1,3513,17565.0,369,clean,clean,clean,clean,clean,unsure,unsure,clean,,,1,JL,40,2026-07-30T19:53:32.762Z
ArxRosa-1211-1_w006516.png,ArxRosa-1211__1,6516,32580.0,236,clean,clean,clean,unsure,unsure,clean,clean,unsure,,,1,JL,14,2026-07-30T19:53:32.762Z
ArxRosa-1211-1_w010506.png,ArxRosa-1211__1,10506,52530.0,358,bad,unsure,clean,clean,clean,clean,clean,unsure,,,1,JL,28,2026-07-30T19:53:32.762Z
ArxRosa-1211-1_w011136.png,ArxRosa-1211__1,11136,55680.0,463,clean,clean,unsure,clean,unsure,unsure,clean,clean,,,1,JL,30,2026-07-30T19:53:32.762Z
ArxRosa-1211-1_w014777.png,ArxRosa-1211__1,14777,73885.0,159,unsure,unsure,unsure,unsure,unsure,unsure,unsure,unsure,,,1,JL,61,2026-07-30T19:53:32.762Z
ArxRosa-1211-1_w017128.png,ArxRosa-1211__1,17128,85640.0,445,unsure,unsure,unsure,unsure,unsure,unsure,unsure,unsure,,,1,JL,18,2026-07-30T19:53:32.762Z
ArxRosa-1211-2_w002138.png,ArxRosa-1211__2,2138,10690.0,125,clean,unsure,clean,clean,unsure,clean,clean,clean,,,1,JL,14,2026-07-30T19:53:32.762Z
ArxRosa-1211-2_w004057.png,ArxRosa-1211__2,4057,20285.0,373,unsure,unsure,unsure,unsure,unsure,unsure,unsure,unsure,,,1,JL,51,2026-07-30T19:53:32.762Z
ArxRosa-1211-2_w006557.png,ArxRosa-1211__2,6557,32785.0,423,clean,unsure,clean,unsure,clean,clean,clean,unsure,,,1,JL,25,2026-07-30T19:53:32.762Z
ArxRosa-1211-2_w006861.png,ArxRosa-1211__2,6861,34305.0,84,clean,unsure,clean,clean,clean,unsure,clean,clean,,,1,JL,18,2026-07-30T19:53:32.762Z
ArxRosa-1211-2_w011553.png,ArxRosa-1211__2,11553,57765.0,404,unsure,unsure,unsure,unsure,unsure,unsure,unsure,unsure,,,1,JL,24,2026-07-30T19:53:32.762Z
ArxRosa-1211-2_w011824.png,ArxRosa-1211__2,11824,59120.0,79,unsure,unsure,unsure,unsure,unsure,unsure,unsure,unsure,,,1,JL,28,2026-07-30T19:53:32.762Z
ArxRosa-1211-2_w013631.png,ArxRosa-1211__2,13631,68155.0,232,clean,clean,clean,clean,unsure,unsure,clean,clean,,,1,JL,49,2026-07-30T19:53:32.762Z
ArxRosa-1211-2_w014734.png,ArxRosa-1211__2,14734,73670.0,357,unsure,clean,unsure,clean,clean,clean,clean,clean,,,1,JL,212,2026-07-30T19:53:32.762Z
ArxRosa-2064-0_w000410.png,ArxRosa-2064__0,410,2050.0,47,clean,clean,clean,clean,clean,clean,clean,clean,,,1,JL,8,2026-07-30T19:53:32.762Z
ArxRosa-2064-0_w000495.png,ArxRosa-2064__0,495,2475.0,30,clean,clean,clean,clean,clean,clean,clean,clean,,,1,JL,10,2026-07-30T19:53:32.762Z
ArxRosa-2064-0_w007447.png,ArxRosa-2064__0,7447,37235.0,392,clean,clean,clean,clean,clean,clean,clean,clean,,,1,JL,57,2026-07-30T19:53:32.762Z
ArxRosa-2064-0_w007703.png,ArxRosa-2064__0,7703,38515.0,54,clean,clean,clean,clean,clean,clean,clean,clean,,,1,JL,2,2026-07-30T19:53:32.762Z
ArxRosa-2064-0_w008200.png,ArxRosa-2064__0,8200,41000.0,325,unsure,unsure,unsure,unsure,unsure,unsure,unsure,unsure,,,1,JL,39,2026-07-30T19:53:32.762Z
ArxRosa-2064-0_w008424.png,ArxRosa-2064__0,8424,42120.0,160,clean,clean,clean,clean,clean,clean,clean,clean,,,1,JL,44,2026-07-30T19:53:32.762Z
ArxRosa-2064-0_w009371.png,ArxRosa-2064__0,9371,46855.0,191,clean,clean,clean,clean,clean,clean,clean,clean,,,1,JL,100,2026-07-30T19:53:32.762Z
ArxRosa-2064-1_w000031.png,ArxRosa-2064__1,31,155.0,382,clean,clean,clean,clean,clean,clean,clean,clean,,,1,JL,18,2026-07-30T19:53:32.762Z
ArxRosa-2064-1_w009014.png,ArxRosa-2064__1,9014,45070.0,332,clean,clean,clean,clean,clean,clean,clean,clean,,,1,JL,11,2026-07-30T19:53:32.762Z
ArxRosa-2064-1_w009762.png,ArxRosa-2064__1,9762,48810.0,239,bad,bad,bad,bad,bad,bad,bad,bad,,,1,JL,8,2026-07-30T19:53:32.762Z
ArxRosa-2064-1_w010359.png,ArxRosa-2064__1,10359,51795.0,380,clean,clean,clean,clean,clean,clean,clean,clean,,,1,JL,430,2026-07-30T19:53:32.762Z
ArxRosa-2064-1_w011358.png,ArxRosa-2064__1,11358,56790.0,9,clean,clean,clean,clean,clean,clean,clean,clean,,,1,JL,52,2026-07-30T19:53:32.762Z
ArxRosa-2064-1_w016873.png,ArxRosa-2064__1,16873,84365.0,492,unsure,unsure,unsure,unsure,unsure,unsure,unsure,unsure,,,1,JL,21,2026-07-30T19:53:32.762Z
ArxRosa-2064-2_w001046.png,ArxRosa-2064__2,1046,5230.0,126,clean,clean,clean,clean,clean,clean,clean,clean,,,1,JL,5,2026-07-30T19:53:32.762Z
ArxRosa-2064-2_w004313.png,ArxRosa-2064__2,4313,21565.0,266,clean,clean,clean,clean,clean,clean,clean,clean,,,1,JL,1071,2026-07-30T19:53:32.762Z
ArxRosa-2064-2_w006455.png,ArxRosa-2064__2,6455,32275.0,109,unsure,unsure,unsure,unsure,unsure,unsure,unsure,unsure,,,1,JL,18,2026-07-30T19:53:32.762Z
ArxRosa-2064-2_w010657.png,ArxRosa-2064__2,10657,53285.0,38,clean,clean,clean,clean,clean,clean,clean,clean,,,1,JL,5,2026-07-30T19:53:32.762Z
ArxRosa-2064-2_w013341.png,ArxRosa-2064__2,13341,66705.0,483,clean,clean,clean,clean,clean,clean,clean,clean,,,1,JL,6,2026-07-30T19:53:32.762Z
ArxRosa-2064-2_w014005.png,ArxRosa-2064__2,14005,70025.0,197,clean,clean,unsure,unsure,clean,unsure,clean,unsure,,,1,JL,24,2026-07-30T19:53:32.762Z
ArxRosa-2064-3_w000259.png,ArxRosa-2064__3,259,1295.0,130,unsure,unsure,unsure,unsure,unsure,unsure,unsure,unsure,,,1,JL,34,2026-07-30T19:53:32.762Z
ArxRosa-2064-3_w001492.png,ArxRosa-2064__3,1492,7460.0,259,clean,clean,clean,clean,clean,clean,clean,clean,,,1,JL,17,2026-07-30T19:53:32.762Z
ArxRosa-2064-3_w004617.png,ArxRosa-2064__3,4617,23085.0,495,clean,clean,clean,clean,clean,clean,clean,clean,,,1,JL,15,2026-07-30T19:53:32.762Z
ArxRosa-2064-3_w004742.png,ArxRosa-2064__3,4742,23710.0,308,clean,clean,clean,clean,clean,clean,clean,clean,,,1,JL,13,2026-07-30T19:53:32.762Z
ArxRosa-2064-3_w004759.png,ArxRosa-2064__3,4759,23795.0,82,clean,clean,clean,clean,clean,clean,clean,clean,,,1,JL,9,2026-07-30T19:53:32.762Z
ArxRosa-2064-3_w005763.png,ArxRosa-2064__3,5763,28815.0,207,clean,clean,clean,clean,clean,clean,clean,clean,,,1,JL,5,2026-07-30T19:53:32.762Z
AM2-0_w000077.png,AM2__0,77,385.0,375,unsure,unsure,unsure,unsure,unsure,unsure,unsure,unsure,unsure,unsure,1,JL,30,2026-07-30T19:53:32.762Z
AM2-0_w000434.png,AM2__0,434,2170.0,209,clean,clean,clean,clean,clean,clean,clean,clean,clean,clean,1,JL,6,2026-07-30T19:53:32.762Z
AM2-0_w000484.png,AM2__0,484,2420.0,224,clean,clean,clean,clean,clean,clean,clean,clean,clean,clean,1,JL,9,2026-07-30T19:53:32.762Z
AM2-0_w000723.png,AM2__0,723,3615.0,432,bad,bad,bad,bad,bad,bad,bad,bad,bad,bad,1,JL,38,2026-07-30T19:53:32.762Z
AM2-0_w001022.png,AM2__0,1022,5110.0,275,clean,clean,clean,clean,clean,clean,clean,clean,clean,clean,1,JL,5,2026-07-30T19:53:32.762Z
AM2-0_w001170.png,AM2__0,1170,5850.0,11,clean,clean,clean,clean,clean,clean,clean,clean,clean,clean,1,JL,18,2026-07-30T19:53:32.762Z
AM2-0_w001186.png,AM2__0,1186,5930.0,444,clean,clean,clean,clean,clean,clean,clean,clean,clean,clean,1,JL,9,2026-07-30T19:53:32.762Z
AM2-0_w001267.png,AM2__0,1267,6335.0,346,clean,clean,clean,clean,clean,clean,clean,clean,clean,clean,1,JL,14,2026-07-30T19:53:32.762Z
AM2-0_w001409.png,AM2__0,1409,7045.0,193,clean,clean,clean,clean,clean,clean,clean,clean,clean,clean,1,JL,5,2026-07-30T19:53:32.762Z
AM2-0_w001682.png,AM2__0,1682,8410.0,371,unsure,unsure,unsure,unsure,unsure,unsure,clean,unsure,unsure,clean,1,JL,55,2026-07-30T19:53:32.762Z
AM2-0_w001909.png,AM2__0,1909,9545.0,455,clean,clean,clean,clean,clean,clean,clean,clean,clean,clean,1,JL,10,2026-07-30T19:53:32.762Z
AM2-0_w002256.png,AM2__0,2256,11280.0,225,clean,clean,clean,clean,clean,clean,clean,clean,clean,clean,1,JL,9,2026-07-30T19:53:32.762Z
AM2-0_w002299.png,AM2__0,2299,11495.0,189,clean,clean,clean,clean,clean,clean,clean,clean,clean,clean,1,JL,9,2026-07-30T19:53:32.762Z
AM2-0_w002769.png,AM2__0,2769,13845.0,446,clean,clean,clean,clean,clean,clean,clean,clean,clean,clean,1,JL,21,2026-07-30T19:53:32.762Z
AM2-0_w002783.png,AM2__0,2783,13915.0,254,clean,clean,clean,clean,clean,clean,clean,clean,clean,clean,1,JL,30,2026-07-30T19:53:32.762Z
AM2-0_w003157.png,AM2__0,3157,15785.0,378,clean,clean,clean,clean,clean,clean,clean,clean,clean,clean,1,JL,24,2026-07-30T19:53:32.762Z
AM2-0_w003215.png,AM2__0,3215,16075.0,424,clean,clean,clean,clean,clean,clean,clean,clean,clean,clean,1,JL,31,2026-07-30T19:53:32.762Z
AM2-0_w003252.png,AM2__0,3252,16260.0,431,bad,bad,bad,bad,bad,bad,bad,bad,bad,bad,1,JL,20,2026-07-30T19:53:32.762Z
AM2-0_w003291.png,AM2__0,3291,16455.0,174,clean,clean,clean,clean,clean,clean,unsure,clean,clean,clean,1,JL,13,2026-07-30T19:53:32.762Z
AM2-0_w003683.png,AM2__0,3683,18415.0,102,clean,clean,clean,clean,clean,clean,unsure,clean,clean,clean,1,JL,19,2026-07-30T19:53:32.762Z
AM2-0_w003909.png,AM2__0,3909,19545.0,112,unsure,unsure,unsure,unsure,unsure,unsure,unsure,unsure,unsure,unsure,1,JL,19,2026-07-30T19:53:32.762Z
AM2-0_w004160.png,AM2__0,4160,20800.0,25,clean,clean,clean,clean,unsure,clean,unsure,clean,clean,clean,1,JL,15,2026-07-30T19:53:32.762Z
AM2-0_w004162.png,AM2__0,4162,20810.0,148,unsure,unsure,clean,clean,clean,clean,clean,clean,clean,clean,1,JL,20,2026-07-30T19:53:32.762Z
AM2-0_w004178.png,AM2__0,4178,20890.0,243,bad,clean,clean,clean,clean,clean,bad,clean,clean,clean,1,JL,349,2026-07-30T19:53:32.762Z
AM2-0_w004811.png,AM2__0,4811,24055.0,251,unsure,unsure,unsure,unsure,unsure,unsure,unsure,unsure,unsure,unsure,1,JL,19,2026-07-30T19:53:32.762Z
FHET-cohort4-group6-0_w001065.png,FHET_cohort4_group6__0,1065,5325.0,287,bad,bad,bad,bad,bad,bad,bad,bad,bad,bad,1,JL,6,2026-07-30T19:53:32.762Z
FHET-cohort4-group6-0_w001099.png,FHET_cohort4_group6__0,1099,5495.0,317,bad,bad,bad,bad,bad,bad,bad,bad,bad,bad,1,JL,12,2026-07-30T19:53:32.762Z
FHET-cohort4-group6-0_w002814.png,FHET_cohort4_group6__0,2814,14070.0,165,bad,bad,bad,bad,bad,bad,bad,bad,bad,bad,1,JL,15,2026-07-30T19:53:32.762Z
FHET-cohort4-group6-0_w003127.png,FHET_cohort4_group6__0,3127,15635.0,461,bad,bad,bad,bad,bad,bad,bad,bad,bad,bad,1,JL,28,2026-07-30T19:53:32.762Z
FHET-cohort4-group6-0_w003559.png,FHET_cohort4_group6__0,3559,17795.0,156,bad,bad,bad,bad,bad,bad,bad,bad,bad,bad,1,JL,7,2026-07-30T19:53:32.762Z
FHET-cohort4-group6-0_w003717.png,FHET_cohort4_group6__0,3717,18585.0,368,bad,bad,bad,bad,bad,bad,bad,bad,bad,bad,1,JL,5,2026-07-30T19:53:32.762Z
FHET-cohort4-group6-0_w004110.png,FHET_cohort4_group6__0,4110,20550.0,388,bad,bad,bad,bad,bad,bad,bad,bad,bad,bad,1,JL,9,2026-07-30T19:53:32.762Z
FHET-cohort4-group6-0_w004367.png,FHET_cohort4_group6__0,4367,21835.0,363,bad,bad,bad,bad,bad,bad,bad,bad,bad,bad,1,JL,5,2026-07-30T19:53:32.762Z
FHET-cohort4-group6-0_w005238.png,FHET_cohort4_group6__0,5238,26190.0,49,bad,bad,bad,bad,bad,bad,bad,bad,bad,bad,1,JL,7,2026-07-30T19:53:32.762Z
FHET-cohort4-group6-0_w006113.png,FHET_cohort4_group6__0,6113,30565.0,473,bad,bad,bad,bad,bad,bad,bad,bad,bad,bad,1,JL,6,2026-07-30T19:53:32.762Z
FHET-cohort4-group6-0_w007314.png,FHET_cohort4_group6__0,7314,36570.0,219,bad,bad,bad,bad,bad,bad,bad,bad,bad,bad,1,JL,4,2026-07-30T19:53:32.762Z
FHET-cohort4-group6-0_w007943.png,FHET_cohort4_group6__0,7943,39715.0,173,bad,bad,bad,bad,bad,bad,bad,bad,bad,bad,1,JL,1205,2026-07-30T19:53:32.762Z
FHET-cohort4-group6-0_w008229.png,FHET_cohort4_group6__0,8229,41145.0,182,bad,bad,bad,bad,bad,bad,bad,bad,bad,bad,1,JL,6,2026-07-30T19:53:32.762Z
FHET-cohort4-group6-0_w008564.png,FHET_cohort4_group6__0,8564,42820.0,190,bad,bad,bad,bad,bad,bad,bad,bad,bad,bad,1,JL,10,2026-07-30T19:53:32.762Z
FHET-cohort4-group6-0_w009706.png,FHET_cohort4_group6__0,9706,48530.0,39,bad,bad,bad,bad,bad,bad,bad,bad,bad,bad,1,JL,8,2026-07-30T19:53:32.762Z
FHET-cohort4-group6-0_w010393.png,FHET_cohort4_group6__0,10393,51965.0,217,bad,bad,bad,bad,bad,bad,bad,bad,bad,bad,1,JL,6,2026-07-30T19:53:32.762Z
FHET-cohort4-group6-0_w010549.png,FHET_cohort4_group6__0,10549,52745.0,279,bad,bad,bad,bad,bad,bad,bad,bad,bad,bad,1,JL,33,2026-07-30T19:53:32.762Z
FHET-cohort4-group6-0_w010589.png,FHET_cohort4_group6__0,10589,52945.0,201,bad,bad,bad,bad,bad,bad,bad,bad,bad,bad,1,JL,9,2026-07-30T19:53:32.762Z
FHET-cohort4-group6-0_w011645.png,FHET_cohort4_group6__0,11645,58225.0,270,bad,bad,bad,bad,bad,bad,bad,bad,bad,bad,1,JL,10,2026-07-30T19:53:32.762Z
FHET-cohort4-group6-0_w012101.png,FHET_cohort4_group6__0,12101,60505.0,491,bad,bad,bad,bad,bad,bad,bad,bad,bad,bad,1,JL,10,2026-07-30T19:53:32.762Z
FHET-cohort4-group6-0_w012210.png,FHET_cohort4_group6__0,12210,61050.0,299,bad,bad,bad,bad,bad,bad,bad,bad,bad,bad,1,JL,32,2026-07-30T19:53:32.762Z
FHET-cohort4-group6-0_w013263.png,FHET_cohort4_group6__0,13263,66315.0,381,bad,bad,bad,bad,bad,bad,bad,bad,bad,bad,1,JL,4,2026-07-30T19:53:32.762Z
FHET-cohort4-group6-0_w013360.png,FHET_cohort4_group6__0,13360,66800.0,276,bad,bad,bad,bad,bad,bad,bad,bad,bad,bad,1,JL,4,2026-07-30T19:53:32.762Z
FHET-cohort4-group6-0_w013462.png,FHET_cohort4_group6__0,13462,67310.0,67,bad,bad,bad,bad,bad,bad,bad,bad,bad,bad,1,JL,6,2026-07-30T19:53:32.762Z
FHET-cohort4-group6-0_w014563.png,FHET_cohort4_group6__0,14563,72815.0,304,bad,bad,bad,bad,bad,bad,bad,bad,bad,bad,1,JL,4,2026-07-30T19:53:32.762Z
M3-MT-cohort4-group3-0_w000316.png,M3_MT_cohort4_group3__0,316,1580.0,352,bad,bad,bad,bad,bad,bad,bad,bad,bad,bad,1,JL,5,2026-07-30T19:53:32.762Z
M3-MT-cohort4-group3-0_w002227.png,M3_MT_cohort4_group3__0,2227,11135.0,481,bad,bad,bad,bad,bad,bad,bad,bad,bad,bad,1,JL,3,2026-07-30T19:53:32.762Z
M3-MT-cohort4-group3-0_w004238.png,M3_MT_cohort4_group3__0,4238,21190.0,74,bad,bad,bad,bad,bad,bad,bad,bad,bad,bad,1,JL,9,2026-07-30T19:53:32.762Z
M3-MT-cohort4-group3-0_w006310.png,M3_MT_cohort4_group3__0,6310,31550.0,283,bad,bad,bad,bad,bad,bad,bad,bad,bad,bad,1,JL,11,2026-07-30T19:53:32.762Z
M3-MT-cohort4-group3-0_w008119.png,M3_MT_cohort4_group3__0,8119,40595.0,65,bad,bad,bad,bad,bad,bad,bad,bad,bad,bad,1,JL,9,2026-07-30T19:53:32.762Z
M3-MT-cohort4-group3-0_w008651.png,M3_MT_cohort4_group3__0,8651,43255.0,452,bad,bad,bad,bad,bad,bad,bad,bad,bad,bad,1,JL,17,2026-07-30T19:53:32.762Z
M3-MT-cohort4-group3-0_w011935.png,M3_MT_cohort4_group3__0,11935,59675.0,196,bad,bad,bad,bad,bad,bad,bad,bad,bad,bad,1,JL,3,2026-07-30T19:53:32.762Z
M3-MT-cohort4-group3-1_w001229.png,M3_MT_cohort4_group3__1,1229,6145.0,384,bad,bad,bad,bad,bad,bad,bad,bad,bad,bad,1,JL,53,2026-07-30T19:53:32.762Z
M3-MT-cohort4-group3-1_w006478.png,M3_MT_cohort4_group3__1,6478,32390.0,386,bad,bad,bad,bad,bad,bad,bad,bad,bad,bad,1,JL,8,2026-07-30T19:53:32.762Z
M3-MT-cohort4-group3-1_w006661.png,M3_MT_cohort4_group3__1,6661,33305.0,170,bad,bad,bad,bad,bad,bad,bad,bad,bad,bad,1,JL,11,2026-07-30T19:53:32.762Z
M3-MT-cohort4-group3-1_w010315.png,M3_MT_cohort4_group3__1,10315,51575.0,175,bad,bad,bad,bad,bad,bad,bad,bad,bad,bad,1,JL,5,2026-07-30T19:53:32.762Z
M3-MT-cohort4-group3-1_w012846.png,M3_MT_cohort4_group3__1,12846,64230.0,436,bad,bad,bad,bad,bad,bad,bad,bad,bad,bad,1,JL,4,2026-07-30T19:53:32.762Z
M3-MT-cohort4-group3-1_w013777.png,M3_MT_cohort4_group3__1,13777,68885.0,147,bad,bad,bad,bad,bad,bad,bad,bad,bad,bad,1,JL,19,2026-07-30T19:53:32.762Z
M3-MT-cohort4-group3-2_w002628.png,M3_MT_cohort4_group3__2,2628,13140.0,37,bad,bad,bad,bad,bad,bad,bad,bad,bad,bad,1,JL,14,2026-07-30T19:53:32.762Z
M3-MT-cohort4-group3-2_w004412.png,M3_MT_cohort4_group3__2,4412,22060.0,487,bad,bad,bad,bad,bad,bad,bad,bad,bad,bad,1,JL,6,2026-07-30T19:53:32.762Z
M3-MT-cohort4-group3-2_w004530.png,M3_MT_cohort4_group3__2,4530,22650.0,179,bad,bad,bad,bad,bad,bad,bad,bad,bad,bad,1,JL,7,2026-07-30T19:53:32.762Z
M3-MT-cohort4-group3-2_w005966.png,M3_MT_cohort4_group3__2,5966,29830.0,354,bad,bad,bad,bad,bad,bad,bad,bad,bad,bad,1,JL,12,2026-07-30T19:53:32.762Z
M3-MT-cohort4-group3-2_w011802.png,M3_MT_cohort4_group3__2,11802,59010.0,183,bad,bad,bad,bad,bad,bad,bad,bad,bad,bad,1,JL,5,2026-07-30T19:53:32.762Z
M3-MT-cohort4-group3-2_w015500.png,M3_MT_cohort4_group3__2,15500,77500.0,64,bad,bad,bad,bad,bad,bad,bad,bad,bad,bad,1,JL,33,2026-07-30T19:53:32.762Z
M3-MT-cohort4-group3-3_w000362.png,M3_MT_cohort4_group3__3,362,1810.0,206,bad,bad,bad,bad,bad,bad,bad,bad,bad,bad,1,JL,6,2026-07-30T19:53:32.762Z
M3-MT-cohort4-group3-3_w000680.png,M3_MT_cohort4_group3__3,680,3400.0,146,bad,bad,bad,bad,bad,bad,bad,bad,bad,bad,1,JL,6,2026-07-30T19:53:32.762Z
M3-MT-cohort4-group3-3_w000820.png,M3_MT_cohort4_group3__3,820,4100.0,233,bad,bad,bad,bad,bad,bad,bad,bad,bad,bad,1,JL,7,2026-07-30T19:53:32.762Z
M3-MT-cohort4-group3-3_w001919.png,M3_MT_cohort4_group3__3,1919,9595.0,428,bad,bad,bad,bad,bad,bad,bad,bad,bad,bad,1,JL,13,2026-07-30T19:53:32.762Z
M3-MT-cohort4-group3-3_w001972.png,M3_MT_cohort4_group3__3,1972,9860.0,111,bad,bad,bad,bad,bad,bad,bad,bad,bad,bad,1,JL,4,2026-07-30T19:53:32.762Z
M3-MT-cohort4-group3-3_w002094.png,M3_MT_cohort4_group3__3,2094,10470.0,231,bad,bad,bad,bad,bad,bad,bad,bad,bad,bad,1,JL,5,2026-07-30T19:53:32.762Z
MMUT-2-cohort6-group1-0_w000573.png,MMUT(2)_cohort6_group1__0,573,2865.0,496,unsure,clean,clean,clean,bad,clean,unsure,unsure,clean,clean,1,JL,27,2026-07-30T19:53:32.762Z
MMUT-2-cohort6-group1-0_w001495.png,MMUT(2)_cohort6_group1__0,1495,7475.0,295,clean,unsure,unsure,clean,clean,clean,bad,unsure,clean,bad,1,JL,30,2026-07-30T19:53:32.762Z
MMUT-2-cohort6-group1-0_w002351.png,MMUT(2)_cohort6_group1__0,2351,11755.0,494,clean,clean,clean,unsure,bad,clean,bad,bad,clean,clean,1,JL,36,2026-07-30T19:53:32.762Z
MMUT-2-cohort6-group1-0_w003894.png,MMUT(2)_cohort6_group1__0,3894,19470.0,63,clean,clean,bad,bad,clean,clean,clean,bad,clean,clean,1,JL,20,2026-07-30T19:53:32.762Z
MMUT-2-cohort6-group1-0_w005892.png,MMUT(2)_cohort6_group1__0,5892,29460.0,154,bad,bad,unsure,clean,clean,bad,clean,clean,clean,clean,1,JL,26,2026-07-30T19:53:32.762Z
MMUT-2-cohort6-group1-1_w000573.png,MMUT(2)_cohort6_group1__1,573,2865.0,407,clean,clean,clean,clean,bad,clean,clean,clean,clean,bad,1,JL,23,2026-07-30T19:53:32.762Z
MMUT-2-cohort6-group1-1_w001495.png,MMUT(2)_cohort6_group1__1,1495,7475.0,395,clean,clean,bad,clean,bad,clean,clean,bad,bad,clean,1,JL,48,2026-07-30T19:53:32.762Z
MMUT-2-cohort6-group1-1_w002351.png,MMUT(2)_cohort6_group1__1,2351,11755.0,133,clean,bad,clean,unsure,clean,unsure,clean,clean,bad,clean,1,JL,123,2026-07-30T19:53:32.762Z
MMUT-2-cohort6-group1-1_w003894.png,MMUT(2)_cohort6_group1__1,3894,19470.0,411,bad,bad,bad,unsure,bad,bad,bad,bad,bad,bad,1,JL,32,2026-07-30T19:53:32.762Z
MMUT-2-cohort6-group1-1_w005892.png,MMUT(2)_cohort6_group1__1,5892,29460.0,257,clean,unsure,clean,clean,clean,clean,clean,unsure,unsure,unsure,1,JL,30,2026-07-30T19:53:32.762Z
MMUT-2-cohort6-group1-2_w000756.png,MMUT(2)_cohort6_group1__2,756,3780.0,166,unsure,clean,unsure,clean,unsure,clean,unsure,clean,clean,clean,1,JL,31,2026-07-30T19:53:32.762Z
MMUT-2-cohort6-group1-2_w006898.png,MMUT(2)_cohort6_group1__2,6898,34490.0,40,clean,bad,clean,unsure,clean,clean,clean,clean,bad,clean,1,JL,26,2026-07-30T19:53:32.762Z
MMUT-2-cohort6-group1-2_w009729.png,MMUT(2)_cohort6_group1__2,9729,48645.0,210,clean,clean,clean,clean,clean,clean,unsure,unsure,bad,clean,1,JL,23,2026-07-30T19:53:32.762Z
MMUT-2-cohort6-group1-2_w011369.png,MMUT(2)_cohort6_group1__2,11369,56845.0,457,clean,clean,clean,clean,clean,unsure,clean,clean,clean,bad,1,JL,15,2026-07-30T19:53:32.762Z
MMUT-2-cohort6-group1-2_w011949.png,MMUT(2)_cohort6_group1__2,11949,59745.0,322,clean,unsure,clean,clean,clean,bad,clean,clean,bad,clean,1,JL,22,2026-07-30T19:53:32.762Z
MMUT-2-cohort6-group1-3_w000031.png,MMUT(2)_cohort6_group1__3,31,155.0,327,clean,clean,unsure,clean,bad,clean,clean,clean,clean,bad,1,JL,17,2026-07-30T19:53:32.762Z
MMUT-2-cohort6-group1-3_w001605.png,MMUT(2)_cohort6_group1__3,1605,8025.0,323,unsure,clean,clean,bad,unsure,clean,clean,clean,bad,clean,1,JL,26,2026-07-30T19:53:32.762Z
MMUT-2-cohort6-group1-3_w002282.png,MMUT(2)_cohort6_group1__3,2282,11410.0,36,unsure,unsure,bad,bad,clean,clean,clean,unsure,clean,clean,1,JL,34,2026-07-30T19:53:32.762Z
MMUT-2-cohort6-group1-3_w005622.png,MMUT(2)_cohort6_group1__3,5622,28110.0,227,clean,bad,clean,clean,clean,clean,clean,clean,bad,clean,1,JL,15,2026-07-30T19:53:32.762Z
MMUT-2-cohort6-group1-3_w014268.png,MMUT(2)_cohort6_group1__3,14268,71340.0,164,clean,clean,unsure,clean,bad,bad,clean,clean,unsure,clean,1,JL,243,2026-07-30T19:53:32.762Z
MMUT-2-cohort6-group1-4_w000091.png,MMUT(2)_cohort6_group1__4,91,455.0,374,unsure,clean,clean,clean,clean,clean,clean,unsure,bad,unsure,1,JL,20,2026-07-30T19:53:32.762Z
MMUT-2-cohort6-group1-4_w000542.png,MMUT(2)_cohort6_group1__4,542,2710.0,62,unsure,unsure,unsure,bad,unsure,unsure,bad,unsure,unsure,unsure,1,JL,74,2026-07-30T19:53:32.762Z
MMUT-2-cohort6-group1-4_w002407.png,MMUT(2)_cohort6_group1__4,2407,12035.0,439,bad,bad,bad,bad,bad,bad,bad,bad,bad,bad,1,JL,33,2026-07-30T19:53:32.762Z
MMUT-2-cohort6-group1-4_w003177.png,MMUT(2)_cohort6_group1__4,3177,15885.0,324,clean,unsure,bad,bad,clean,bad,clean,clean,unsure,unsure,1,JL,58,2026-07-30T19:53:32.762Z
MMUT-2-cohort6-group1-4_w003539.png,MMUT(2)_cohort6_group1__4,3539,17695.0,303,clean,clean,clean,clean,clean,clean,clean,clean,clean,clean,1,JL,3,2026-07-30T19:53:32.762Z
cohort-2-group-6-mouse-M3-cage3A-0_w000303.png,cohort 2 group 6 mouse M3 cage3A__0,303,1515.0,91,clean,clean,clean,clean,clean,clean,clean,clean,clean,clean,1,JL,17,2026-07-30T19:53:32.762Z
cohort-2-group-6-mouse-M3-cage3A-0_w000462.png,cohort 2 group 6 mouse M3 cage3A__0,462,2310.0,228,clean,clean,clean,clean,clean,clean,clean,clean,clean,clean,1,JL,8,2026-07-30T19:53:32.762Z
cohort-2-group-6-mouse-M3-cage3A-0_w001083.png,cohort 2 group 6 mouse M3 cage3A__0,1083,5415.0,261,clean,clean,clean,clean,clean,clean,clean,clean,clean,clean,1,JL,4,2026-07-30T19:53:32.762Z
cohort-2-group-6-mouse-M3-cage3A-0_w001974.png,cohort 2 group 6 mouse M3 cage3A__0,1974,9870.0,479,clean,clean,clean,clean,clean,clean,clean,clean,clean,clean,1,JL,8,2026-07-30T19:53:32.762Z
cohort-2-group-6-mouse-M3-cage3A-0_w009611.png,cohort 2 group 6 mouse M3 cage3A__0,9611,48055.0,237,clean,clean,clean,clean,clean,clean,clean,clean,clean,clean,1,JL,15,2026-07-30T19:53:32.762Z
cohort-2-group-6-mouse-M3-cage3A-0_w009959.png,cohort 2 group 6 mouse M3 cage3A__0,9959,49795.0,462,clean,clean,clean,clean,clean,clean,clean,clean,clean,clean,1,JL,6,2026-07-30T19:53:32.762Z
cohort-2-group-6-mouse-M3-cage3A-0_w010702.png,cohort 2 group 6 mouse M3 cage3A__0,10702,53510.0,351,clean,clean,clean,clean,clean,clean,clean,clean,clean,clean,1,JL,14,2026-07-30T19:53:32.762Z
cohort-2-group-6-mouse-M3-cage3A-0_w011742.png,cohort 2 group 6 mouse M3 cage3A__0,11742,58710.0,262,clean,clean,clean,clean,clean,clean,clean,clean,clean,clean,1,JL,4,2026-07-30T19:53:32.762Z
cohort-2-group-6-mouse-M3-cage3A-0_w014154.png,cohort 2 group 6 mouse M3 cage3A__0,14154,70770.0,478,clean,clean,clean,clean,clean,clean,clean,clean,clean,clean,1,JL,11,2026-07-30T19:53:32.762Z
cohort-2-group-6-mouse-M3-cage3A-1_w000031.png,cohort 2 group 6 mouse M3 cage3A__1,31,155.0,353,clean,clean,clean,clean,clean,clean,clean,clean,clean,clean,1,JL,5,2026-07-30T19:53:32.762Z
cohort-2-group-6-mouse-M3-cage3A-1_w004985.png,cohort 2 group 6 mouse M3 cage3A__1,4985,24925.0,107,clean,clean,clean,clean,clean,clean,clean,clean,clean,clean,1,JL,5,2026-07-30T19:53:32.762Z
cohort-2-group-6-mouse-M3-cage3A-1_w009014.png,cohort 2 group 6 mouse M3 cage3A__1,9014,45070.0,449,clean,clean,clean,clean,clean,clean,clean,clean,clean,clean,1,JL,15,2026-07-30T19:53:32.762Z
cohort-2-group-6-mouse-M3-cage3A-1_w009762.png,cohort 2 group 6 mouse M3 cage3A__1,9762,48810.0,305,clean,clean,clean,clean,clean,clean,clean,clean,clean,clean,1,JL,8,2026-07-30T19:53:32.762Z
cohort-2-group-6-mouse-M3-cage3A-1_w010359.png,cohort 2 group 6 mouse M3 cage3A__1,10359,51795.0,94,clean,clean,clean,clean,clean,clean,clean,clean,clean,clean,1,JL,7,2026-07-30T19:53:32.762Z
cohort-2-group-6-mouse-M3-cage3A-1_w011358.png,cohort 2 group 6 mouse M3 cage3A__1,11358,56790.0,226,unsure,unsure,unsure,unsure,unsure,unsure,unsure,unsure,unsure,unsure,1,JL,65,2026-07-30T19:53:32.762Z
cohort-2-group-6-mouse-M3-cage3A-1_w016873.png,cohort 2 group 6 mouse M3 cage3A__1,16873,84365.0,96,clean,clean,clean,clean,clean,clean,clean,clean,clean,clean,1,JL,13,2026-07-30T19:53:32.762Z
cohort-2-group-6-mouse-M3-cage3A-1_w017244.png,cohort 2 group 6 mouse M3 cage3A__1,17244,86220.0,99,clean,clean,clean,clean,clean,clean,clean,clean,clean,clean,1,JL,16,2026-07-30T19:53:32.762Z
cohort-2-group-6-mouse-M3-cage3A-2_w000303.png,cohort 2 group 6 mouse M3 cage3A__2,303,1515.0,51,clean,clean,clean,clean,clean,clean,clean,clean,clean,clean,1,JL,324,2026-07-30T19:53:32.762Z
cohort-2-group-6-mouse-M3-cage3A-2_w000462.png,cohort 2 group 6 mouse M3 cage3A__2,462,2310.0,394,clean,clean,clean,clean,clean,clean,clean,clean,clean,clean,1,JL,7,2026-07-30T19:53:32.762Z
cohort-2-group-6-mouse-M3-cage3A-2_w001083.png,cohort 2 group 6 mouse M3 cage3A__2,1083,5415.0,441,bad,bad,bad,bad,bad,bad,bad,bad,bad,bad,1,JL,11,2026-07-30T19:53:32.762Z
cohort-2-group-6-mouse-M3-cage3A-2_w001974.png,cohort 2 group 6 mouse M3 cage3A__2,1974,9870.0,205,clean,clean,clean,clean,clean,clean,clean,clean,clean,clean,1,JL,10,2026-07-30T19:53:32.762Z
cohort-2-group-6-mouse-M3-cage3A-2_w009611.png,cohort 2 group 6 mouse M3 cage3A__2,9611,48055.0,490,clean,clean,clean,clean,clean,clean,clean,clean,clean,clean,1,JL,19,2026-07-30T19:53:32.762Z
cohort-2-group-6-mouse-M3-cage3A-2_w009959.png,cohort 2 group 6 mouse M3 cage3A__2,9959,49795.0,86,clean,clean,clean,clean,clean,clean,clean,clean,clean,clean,1,JL,10,2026-07-30T19:53:32.762Z
cohort-2-group-6-mouse-M3-cage3A-2_w011742.png,cohort 2 group 6 mouse M3 cage3A__2,11742,58710.0,417,clean,clean,clean,clean,clean,clean,clean,clean,clean,clean,1,JL,4,2026-07-30T19:53:32.762Z
cohort-2-group-6-mouse-M3-cage3A-2_w014154.png,cohort 2 group 6 mouse M3 cage3A__2,14154,70770.0,208,clean,clean,clean,clean,clean,clean,clean,clean,clean,clean,1,JL,4,2026-07-30T19:53:32.762Z
AP3B2het-207-M-0_w000652.png,AP3B2het-207-M__0,652,3260.0,59,clean,clean,clean,clean,clean,clean,clean,clean,clean,clean,1,JL,23,2026-07-30T19:53:32.762Z
AP3B2het-207-M-0_w003996.png,AP3B2het-207-M__0,3996,19980.0,218,clean,clean,clean,clean,clean,clean,clean,clean,clean,clean,1,JL,8,2026-07-30T19:53:32.762Z
AP3B2het-207-M-0_w005128.png,AP3B2het-207-M__0,5128,25640.0,241,clean,clean,clean,clean,clean,clean,clean,clean,clean,clean,1,JL,7,2026-07-30T19:53:32.762Z
AP3B2het-207-M-0_w005574.png,AP3B2het-207-M__0,5574,27870.0,73,clean,clean,clean,clean,clean,clean,clean,clean,clean,clean,1,JL,9,2026-07-30T19:53:32.762Z
AP3B2het-207-M-0_w008868.png,AP3B2het-207-M__0,8868,44340.0,265,clean,clean,clean,clean,clean,clean,clean,clean,clean,clean,1,JL,9,2026-07-30T19:53:32.762Z
AP3B2het-207-M-0_w009832.png,AP3B2het-207-M__0,9832,49160.0,312,clean,clean,clean,clean,clean,clean,clean,clean,clean,clean,1,JL,7,2026-07-30T19:53:32.762Z
AP3B2het-207-M-0_w010930.png,AP3B2het-207-M__0,10930,54650.0,306,clean,clean,clean,clean,clean,clean,clean,clean,clean,clean,1,JL,6,2026-07-30T19:53:32.762Z
AP3B2het-207-M-0_w012311.png,AP3B2het-207-M__0,12311,61555.0,421,clean,clean,clean,clean,clean,clean,clean,clean,clean,clean,1,JL,13,2026-07-30T19:53:32.762Z
AP3B2het-207-M-0_w013904.png,AP3B2het-207-M__0,13904,69520.0,149,clean,clean,clean,clean,clean,clean,clean,clean,clean,clean,1,JL,15,2026-07-30T19:53:32.762Z
AP3B2het-207-M-1_w000397.png,AP3B2het-207-M__1,397,1985.0,284,clean,clean,clean,clean,clean,clean,clean,clean,clean,clean,1,JL,5,2026-07-30T19:53:32.762Z
AP3B2het-207-M-1_w002737.png,AP3B2het-207-M__1,2737,13685.0,33,clean,clean,clean,clean,clean,clean,clean,clean,clean,clean,1,JL,48,2026-07-30T19:53:32.762Z
AP3B2het-207-M-1_w006445.png,AP3B2het-207-M__1,6445,32225.0,184,clean,clean,clean,clean,clean,clean,clean,clean,clean,clean,1,JL,13,2026-07-30T19:53:32.762Z
AP3B2het-207-M-1_w010670.png,AP3B2het-207-M__1,10670,53350.0,288,clean,clean,clean,clean,clean,clean,clean,clean,clean,clean,1,JL,8,2026-07-30T19:53:32.762Z
AP3B2het-207-M-1_w018232.png,AP3B2het-207-M__1,18232,91160.0,331,clean,clean,clean,clean,clean,clean,clean,clean,clean,clean,1,JL,7,2026-07-30T19:53:32.762Z
AP3B2het-207-M-1_w018753.png,AP3B2het-207-M__1,18753,93765.0,97,clean,clean,clean,clean,clean,clean,clean,clean,clean,clean,1,JL,23,2026-07-30T19:53:32.762Z
AP3B2het-207-M-1_w018838.png,AP3B2het-207-M__1,18838,94190.0,347,clean,clean,clean,clean,clean,clean,clean,clean,clean,clean,1,JL,7,2026-07-30T19:53:32.762Z
AP3B2het-207-M-1_w018961.png,AP3B2het-207-M__1,18961,94805.0,108,clean,clean,clean,clean,clean,clean,clean,clean,clean,clean,1,JL,9,2026-07-30T19:53:32.762Z
AP3B2het-207-M-2_w002225.png,AP3B2het-207-M__2,2225,11125.0,442,clean,clean,clean,clean,clean,clean,clean,clean,clean,clean,1,JL,6,2026-07-30T19:53:32.762Z
AP3B2het-207-M-2_w009266.png,AP3B2het-207-M__2,9266,46330.0,465,clean,clean,clean,clean,clean,clean,clean,clean,clean,clean,1,JL,8,2026-07-30T19:53:32.762Z
AP3B2het-207-M-2_w012276.png,AP3B2het-207-M__2,12276,61380.0,320,clean,clean,clean,clean,clean,unsure,clean,clean,unsure,unsure,1,JL,37,2026-07-30T19:53:32.762Z
AP3B2het-207-M-2_w024129.png,AP3B2het-207-M__2,24129,120645.0,372,unsure,clean,clean,clean,unsure,unsure,clean,clean,clean,clean,1,JL,21,2026-07-30T19:53:32.762Z
AP3B2het-207-M-2_w024852.png,AP3B2het-207-M__2,24852,124260.0,124,clean,clean,clean,clean,clean,clean,clean,clean,clean,clean,1,JL,275,2026-07-30T19:53:32.762Z
AP3B2het-207-M-2_w027166.png,AP3B2het-207-M__2,27166,135830.0,497,clean,clean,clean,clean,clean,clean,clean,clean,clean,clean,1,JL,23,2026-07-30T19:53:32.762Z
AP3B2het-207-M-2_w027890.png,AP3B2het-207-M__2,27890,139450.0,474,unsure,clean,clean,clean,clean,clean,unsure,clean,unsure,clean,1,JL,39,2026-07-30T19:53:32.762Z
AP3B2het-207-M-2_w030911.png,AP3B2het-207-M__2,30911,154555.0,272,clean,clean,clean,clean,clean,clean,clean,clean,clean,clean,1,JL,10,2026-07-30T19:53:32.762Z
AP3B2het-221-M-0_w001901.png,AP3B2het-221-M__0,1901,9505.0,212,clean,clean,clean,clean,clean,clean,clean,clean,clean,clean,1,JL,20,2026-07-30T19:53:32.762Z
AP3B2het-221-M-0_w004009.png,AP3B2het-221-M__0,4009,20045.0,315,clean,clean,clean,clean,clean,clean,clean,clean,clean,clean,1,JL,11,2026-07-30T19:53:32.762Z
AP3B2het-221-M-0_w009003.png,AP3B2het-221-M__0,9003,45015.0,387,clean,clean,clean,clean,clean,clean,clean,clean,clean,clean,1,JL,6,2026-07-30T19:53:32.762Z
AP3B2het-221-M-0_w009882.png,AP3B2het-221-M__0,9882,49410.0,81,clean,clean,clean,clean,clean,clean,clean,clean,clean,clean,1,JL,6,2026-07-30T19:53:32.762Z
AP3B2het-221-M-0_w012043.png,AP3B2het-221-M__0,12043,60215.0,172,clean,clean,clean,clean,clean,clean,clean,clean,clean,clean,1,JL,7,2026-07-30T19:53:32.762Z
AP3B2het-221-M-1_w002711.png,AP3B2het-221-M__1,2711,13555.0,414,clean,clean,clean,clean,clean,clean,clean,clean,clean,clean,1,JL,7,2026-07-30T19:53:32.762Z
AP3B2het-221-M-1_w004101.png,AP3B2het-221-M__1,4101,20505.0,401,clean,clean,clean,clean,clean,clean,clean,clean,clean,clean,1,JL,4,2026-07-30T19:53:32.762Z
AP3B2het-221-M-1_w011921.png,AP3B2het-221-M__1,11921,59605.0,292,clean,clean,clean,clean,clean,clean,clean,clean,clean,clean,1,JL,23,2026-07-30T19:53:32.762Z
AP3B2het-221-M-1_w012924.png,AP3B2het-221-M__1,12924,64620.0,258,clean,clean,clean,clean,clean,clean,clean,clean,clean,clean,1,JL,5,2026-07-30T19:53:32.762Z
AP3B2het-221-M-1_w016571.png,AP3B2het-221-M__1,16571,82855.0,301,clean,clean,clean,clean,clean,clean,clean,clean,clean,clean,1,JL,71,2026-07-30T19:53:32.762Z
AP3B2het-221-M-2_w004518.png,AP3B2het-221-M__2,4518,22590.0,273,clean,clean,clean,clean,clean,clean,clean,clean,clean,clean,1,JL,18,2026-07-30T19:53:32.762Z
AP3B2het-221-M-2_w004812.png,AP3B2het-221-M__2,4812,24060.0,87,clean,clean,clean,clean,clean,clean,clean,clean,clean,clean,1,JL,11,2026-07-30T19:53:32.762Z
AP3B2het-221-M-2_w009527.png,AP3B2het-221-M__2,9527,47635.0,426,clean,clean,clean,clean,clean,clean,clean,clean,clean,clean,1,JL,7,2026-07-30T19:53:32.762Z
AP3B2het-221-M-2_w012390.png,AP3B2het-221-M__2,12390,61950.0,467,unsure,unsure,unsure,unsure,unsure,unsure,unsure,clean,clean,clean,1,JL,47,2026-07-30T19:53:32.762Z
AP3B2het-221-M-2_w013794.png,AP3B2het-221-M__2,13794,68970.0,280,clean,clean,clean,clean,clean,clean,clean,clean,clean,clean,1,JL,12,2026-07-30T19:53:32.762Z
AP3B2het-221-M-3_w004828.png,AP3B2het-221-M__3,4828,24140.0,360,clean,clean,clean,clean,clean,clean,clean,clean,clean,clean,1,JL,20,2026-07-30T19:53:32.762Z
AP3B2het-221-M-3_w006608.png,AP3B2het-221-M__3,6608,33040.0,98,clean,clean,clean,clean,clean,clean,clean,clean,clean,clean,1,JL,11,2026-07-30T19:53:32.762Z
AP3B2het-221-M-3_w007752.png,AP3B2het-221-M__3,7752,38760.0,468,clean,clean,clean,clean,clean,clean,clean,clean,clean,clean,1,JL,58,2026-07-30T19:53:32.762Z
AP3B2het-221-M-3_w008023.png,AP3B2het-221-M__3,8023,40115.0,69,clean,clean,clean,clean,clean,clean,clean,clean,clean,clean,1,JL,25,2026-07-30T19:53:32.762Z
AP3B2het-221-M-3_w009362.png,AP3B2het-221-M__3,9362,46810.0,476,clean,clean,clean,clean,clean,clean,clean,clean,clean,clean,1,JL,7,2026-07-30T19:53:32.762Z
AP3B2het-221-M-4_w003085.png,AP3B2het-221-M__4,3085,15425.0,161,clean,clean,clean,clean,clean,clean,clean,clean,clean,clean,1,JL,7,2026-07-30T19:53:32.762Z
AP3B2het-221-M-4_w005058.png,AP3B2het-221-M__4,5058,25290.0,263,clean,clean,clean,clean,clean,clean,clean,clean,clean,clean,1,JL,12,2026-07-30T19:53:32.762Z
AP3B2het-221-M-4_w005573.png,AP3B2het-221-M__4,5573,27865.0,451,bad,bad,bad,bad,bad,bad,bad,bad,bad,bad,1,JL,11,2026-07-30T19:53:32.762Z
AP3B2het-221-M-4_w012006.png,AP3B2het-221-M__4,12006,60030.0,328,clean,clean,clean,clean,clean,clean,clean,clean,clean,clean,1,JL,76167,2026-07-30T19:53:32.762Z
AP3B2het-221-M-4_w013606.png,AP3B2het-221-M__4,13606,68030.0,376,clean,clean,clean,clean,clean,clean,clean,clean,clean,clean,1,JL,18,2026-07-30T19:53:32.762Z
AP3B2wt-241-M-0_w000545.png,AP3B2wt-241-M__0,545,2725.0,213,clean,clean,clean,clean,clean,clean,clean,clean,clean,clean,1,JL,10,2026-07-30T19:53:32.762Z
AP3B2wt-241-M-0_w000745.png,AP3B2wt-241-M__0,745,3725.0,171,clean,clean,clean,clean,clean,clean,clean,clean,clean,clean,1,JL,14,2026-07-30T19:53:32.762Z
AP3B2wt-241-M-0_w001681.png,AP3B2wt-241-M__0,1681,8405.0,427,clean,clean,clean,clean,clean,clean,clean,clean,clean,clean,1,JL,458,2026-07-30T19:53:32.762Z
AP3B2wt-241-M-0_w001815.png,AP3B2wt-241-M__0,1815,9075.0,430,clean,clean,clean,clean,clean,clean,clean,clean,clean,clean,1,JL,5,2026-07-30T19:53:32.762Z
AP3B2wt-241-M-0_w002685.png,AP3B2wt-241-M__0,2685,13425.0,141,clean,clean,clean,clean,clean,clean,unsure,clean,clean,clean,1,JL,12,2026-07-30T19:53:32.762Z
AP3B2wt-241-M-0_w003454.png,AP3B2wt-241-M__0,3454,17270.0,422,clean,clean,clean,clean,clean,clean,clean,clean,clean,clean,1,JL,7,2026-07-30T19:53:32.762Z
AP3B2wt-241-M-0_w005748.png,AP3B2wt-241-M__0,5748,28740.0,135,clean,unsure,clean,clean,clean,clean,clean,clean,clean,clean,1,JL,28,2026-07-30T19:53:32.762Z
AP3B2wt-241-M-0_w007629.png,AP3B2wt-241-M__0,7629,38145.0,78,unsure,unsure,unsure,unsure,unsure,unsure,unsure,unsure,unsure,unsure,1,JL,259,2026-07-30T19:53:32.762Z
AP3B2wt-241-M-0_w007772.png,AP3B2wt-241-M__0,7772,38860.0,450,clean,clean,clean,clean,clean,clean,clean,clean,clean,clean,1,JL,5,2026-07-30T19:53:32.762Z
AP3B2wt-241-M-1_w003864.png,AP3B2wt-241-M__1,3864,19320.0,221,clean,clean,clean,clean,clean,clean,clean,clean,clean,clean,1,JL,17,2026-07-30T19:53:32.762Z
AP3B2wt-241-M-1_w004406.png,AP3B2wt-241-M__1,4406,22030.0,294,clean,clean,unsure,clean,clean,clean,clean,clean,clean,clean,1,JL,30,2026-07-30T19:53:32.762Z
AP3B2wt-241-M-1_w004665.png,AP3B2wt-241-M__1,4665,23325.0,393,unsure,unsure,unsure,unsure,unsure,unsure,unsure,unsure,unsure,unsure,1,JL,32,2026-07-30T19:53:32.762Z
AP3B2wt-241-M-1_w005411.png,AP3B2wt-241-M__1,5411,27055.0,13,clean,clean,clean,clean,clean,clean,clean,clean,clean,clean,1,JL,22,2026-07-30T19:53:32.762Z
AP3B2wt-241-M-1_w007946.png,AP3B2wt-241-M__1,7946,39730.0,118,clean,clean,clean,unsure,clean,clean,clean,clean,clean,clean,1,JL,12,2026-07-30T19:53:32.762Z
AP3B2wt-241-M-1_w011179.png,AP3B2wt-241-M__1,11179,55895.0,83,unsure,unsure,unsure,unsure,unsure,unsure,unsure,unsure,unsure,unsure,1,JL,75,2026-07-30T19:53:32.762Z
AP3B2wt-241-M-1_w011958.png,AP3B2wt-241-M__1,11958,59790.0,361,clean,clean,clean,clean,clean,clean,clean,clean,clean,clean,1,JL,7,2026-07-30T19:53:32.762Z
AP3B2wt-241-M-1_w013598.png,AP3B2wt-241-M__1,13598,67990.0,120,clean,clean,clean,clean,clean,clean,clean,clean,clean,clean,1,JL,13,2026-07-30T19:53:32.762Z
AP3B2wt-241-M-2_w005971.png,AP3B2wt-241-M__2,5971,29855.0,385,clean,clean,clean,clean,clean,clean,clean,clean,clean,clean,1,JL,67,2026-07-30T19:53:32.762Z
AP3B2wt-241-M-2_w018467.png,AP3B2wt-241-M__2,18467,92335.0,485,unsure,unsure,unsure,unsure,unsure,unsure,unsure,unsure,unsure,unsure,1,JL,18,2026-07-30T19:53:32.762Z
AP3B2wt-241-M-2_w021865.png,AP3B2wt-241-M__2,21865,109325.0,298,clean,unsure,clean,clean,clean,clean,clean,clean,clean,clean,1,JL,15,2026-07-30T19:53:32.762Z
AP3B2wt-241-M-2_w025664.png,AP3B2wt-241-M__2,25664,128320.0,195,clean,unsure,clean,clean,clean,clean,clean,clean,clean,clean,1,JL,12,2026-07-30T19:53:32.762Z
AP3B2wt-241-M-2_w031915.png,AP3B2wt-241-M__2,31915,159575.0,215,clean,clean,unsure,clean,clean,clean,clean,clean,clean,clean,1,JL,23,2026-07-30T19:53:32.762Z
AP3B2wt-241-M-2_w032930.png,AP3B2wt-241-M__2,32930,164650.0,435,unsure,unsure,unsure,unsure,unsure,unsure,unsure,unsure,unsure,unsure,1,JL,27,2026-07-30T19:53:32.762Z
AP3B2wt-241-M-2_w037775.png,AP3B2wt-241-M__2,37775,188875.0,297,clean,clean,clean,clean,unsure,clean,clean,clean,clean,clean,1,JL,11,2026-07-30T19:53:32.762Z
AP3B2wt-241-M-2_w038398.png,AP3B2wt-241-M__2,38398,191990.0,277,clean,clean,clean,clean,clean,clean,unsure,clean,unsure,clean,1,JL,20,2026-07-30T19:53:32.762Z
AP3B2wt-247-F-0_w000575.png,AP3B2wt-247-F__0,575,2875.0,24,clean,clean,clean,clean,clean,clean,clean,clean,clean,clean,1,JL,16,2026-07-30T19:53:32.762Z
AP3B2wt-247-F-0_w002860.png,AP3B2wt-247-F__0,2860,14300.0,145,clean,clean,clean,clean,clean,clean,clean,clean,clean,clean,1,JL,21,2026-07-30T19:53:32.762Z
AP3B2wt-247-F-0_w005933.png,AP3B2wt-247-F__0,5933,29665.0,26,bad,bad,bad,bad,bad,bad,bad,bad,bad,bad,1,JL,11,2026-07-30T19:53:32.762Z
AP3B2wt-247-F-0_w008321.png,AP3B2wt-247-F__0,8321,41605.0,48,clean,clean,clean,clean,clean,clean,clean,clean,clean,clean,1,JL,14,2026-07-30T19:53:32.762Z
AP3B2wt-247-F-0_w010920.png,AP3B2wt-247-F__0,10920,54600.0,177,event,event,event,event,event,event,event,event,event,event,1,JL,13,2026-07-30T19:53:32.762Z
AP3B2wt-247-F-0_w011115.png,AP3B2wt-247-F__0,11115,55575.0,77,clean,clean,clean,clean,clean,clean,clean,clean,clean,clean,1,JL,7,2026-07-30T19:53:32.762Z
AP3B2wt-247-F-0_w015867.png,AP3B2wt-247-F__0,15867,79335.0,403,clean,clean,clean,clean,clean,clean,clean,clean,clean,clean,1,JL,5,2026-07-30T19:53:32.762Z
AP3B2wt-247-F-1_w001097.png,AP3B2wt-247-F__1,1097,5485.0,443,clean,clean,clean,clean,clean,clean,clean,clean,clean,clean,1,JL,11,2026-07-30T19:53:32.762Z
AP3B2wt-247-F-1_w001795.png,AP3B2wt-247-F__1,1795,8975.0,286,clean,clean,clean,clean,clean,clean,clean,clean,clean,clean,1,JL,25,2026-07-30T19:53:32.762Z
AP3B2wt-247-F-1_w001990.png,AP3B2wt-247-F__1,1990,9950.0,58,unsure,unsure,unsure,unsure,unsure,unsure,unsure,unsure,unsure,unsure,1,JL,44,2026-07-30T19:53:32.762Z
AP3B2wt-247-F-1_w005398.png,AP3B2wt-247-F__1,5398,26990.0,267,clean,clean,clean,clean,clean,clean,clean,clean,clean,clean,1,JL,8760,2026-07-30T19:53:32.762Z
AP3B2wt-247-F-1_w007603.png,AP3B2wt-247-F__1,7603,38015.0,157,clean,clean,clean,clean,clean,clean,clean,clean,clean,clean,1,JL,16,2026-07-30T19:53:32.762Z
AP3B2wt-247-F-1_w010882.png,AP3B2wt-247-F__1,10882,54410.0,486,clean,clean,clean,clean,clean,clean,clean,clean,clean,clean,1,JL,11,2026-07-30T19:53:32.762Z
AP3B2wt-247-F-2_w000896.png,AP3B2wt-247-F__2,896,4480.0,150,clean,clean,clean,clean,clean,clean,clean,clean,clean,clean,1,JL,53,2026-07-30T19:53:32.762Z
AP3B2wt-247-F-2_w001135.png,AP3B2wt-247-F__2,1135,5675.0,31,bad,bad,bad,bad,bad,bad,bad,bad,bad,bad,1,JL,140,2026-07-30T19:53:32.762Z
AP3B2wt-247-F-2_w002107.png,AP3B2wt-247-F__2,2107,10535.0,405,bad,bad,bad,bad,bad,bad,bad,bad,bad,bad,1,JL,11,2026-07-30T19:53:32.762Z
AP3B2wt-247-F-2_w014325.png,AP3B2wt-247-F__2,14325,71625.0,223,clean,clean,clean,clean,clean,clean,clean,clean,clean,clean,1,JL,15,2026-07-30T19:53:32.762Z
AP3B2wt-247-F-2_w014326.png,AP3B2wt-247-F__2,14326,71630.0,252,bad,bad,bad,bad,bad,bad,bad,bad,bad,bad,1,JL,24,2026-07-30T19:53:32.762Z
AP3B2wt-247-F-2_w014453.png,AP3B2wt-247-F__2,14453,72265.0,85,bad,bad,bad,bad,bad,bad,bad,bad,bad,bad,1,JL,7,2026-07-30T19:53:32.762Z
AP3B2wt-247-F-3_w000119.png,AP3B2wt-247-F__3,119,595.0,250,bad,bad,bad,bad,bad,bad,bad,bad,bad,bad,1,JL,16,2026-07-30T19:53:32.762Z
AP3B2wt-247-F-3_w001161.png,AP3B2wt-247-F__3,1161,5805.0,475,bad,bad,bad,bad,bad,bad,bad,bad,bad,bad,1,JL,12,2026-07-30T19:53:32.762Z
AP3B2wt-247-F-3_w005259.png,AP3B2wt-247-F__3,5259,26295.0,121,clean,clean,clean,clean,clean,clean,clean,clean,clean,clean,1,JL,11,2026-07-30T19:53:32.762Z
AP3B2wt-247-F-3_w008269.png,AP3B2wt-247-F__3,8269,41345.0,249,clean,clean,clean,clean,clean,clean,clean,clean,clean,clean,1,JL,6,2026-07-30T19:53:32.762Z
AP3B2wt-247-F-3_w008633.png,AP3B2wt-247-F__3,8633,43165.0,105,bad,bad,bad,bad,bad,bad,bad,bad,bad,bad,1,JL,12,2026-07-30T19:53:32.762Z
AP3B2wt-247-F-3_w009318.png,AP3B2wt-247-F__3,9318,46590.0,15,clean,clean,clean,clean,clean,clean,clean,clean,clean,clean,1,JL,7,2026-07-30T19:53:32.762Z
AP3B2wt236-F-0_w001781.png,AP3B2wt236-F__0,1781,8905.0,127,clean,clean,clean,unsure,clean,clean,clean,clean,clean,clean,1,JL,20,2026-07-30T19:53:32.762Z
AP3B2wt236-F-0_w002454.png,AP3B2wt236-F__0,2454,12270.0,4,clean,clean,clean,clean,clean,clean,clean,clean,clean,clean,1,JL,15,2026-07-30T19:53:32.762Z
AP3B2wt236-F-0_w003872.png,AP3B2wt236-F__0,3872,19360.0,470,clean,clean,clean,clean,clean,clean,clean,clean,clean,clean,1,JL,41,2026-07-30T19:53:32.762Z
AP3B2wt236-F-0_w004842.png,AP3B2wt236-F__0,4842,24210.0,409,clean,clean,clean,clean,clean,clean,clean,clean,clean,clean,1,JL,9,2026-07-30T19:53:32.762Z
AP3B2wt236-F-0_w005700.png,AP3B2wt236-F__0,5700,28500.0,95,clean,clean,clean,clean,clean,clean,clean,clean,clean,clean,1,JL,11,2026-07-30T19:53:32.762Z
AP3B2wt236-F-0_w007273.png,AP3B2wt236-F__0,7273,36365.0,142,clean,clean,clean,clean,clean,clean,unsure,clean,clean,clean,1,JL,14,2026-07-30T19:53:32.762Z
AP3B2wt236-F-0_w008974.png,AP3B2wt236-F__0,8974,44870.0,472,bad,bad,bad,bad,bad,bad,bad,bad,bad,bad,1,JL,11,2026-07-30T19:53:32.762Z
AP3B2wt236-F-1_w004612.png,AP3B2wt236-F__1,4612,23060.0,89,clean,clean,clean,clean,clean,clean,clean,clean,clean,clean,1,JL,6,2026-07-30T19:53:32.762Z
AP3B2wt236-F-1_w008598.png,AP3B2wt236-F__1,8598,42990.0,192,clean,clean,clean,clean,clean,clean,clean,clean,clean,clean,1,JL,11,2026-07-30T19:53:32.762Z
AP3B2wt236-F-1_w015947.png,AP3B2wt236-F__1,15947,79735.0,488,bad,bad,bad,bad,bad,bad,bad,bad,bad,bad,1,JL,25,2026-07-30T19:53:32.762Z
AP3B2wt236-F-1_w017966.png,AP3B2wt236-F__1,17966,89830.0,379,clean,clean,clean,clean,clean,clean,clean,clean,clean,unsure,1,JL,18,2026-07-30T19:53:32.762Z
AP3B2wt236-F-1_w018240.png,AP3B2wt236-F__1,18240,91200.0,35,clean,unsure,clean,clean,clean,clean,clean,clean,clean,clean,1,JL,21,2026-07-30T19:53:32.762Z
AP3B2wt236-F-1_w019497.png,AP3B2wt236-F__1,19497,97485.0,242,clean,clean,clean,clean,clean,clean,unsure,clean,clean,clean,1,JL,14,2026-07-30T19:53:32.762Z
AP3B2wt236-F-2_w001709.png,AP3B2wt236-F__2,1709,8545.0,42,clean,clean,clean,clean,clean,clean,clean,clean,clean,clean,1,JL,13,2026-07-30T19:53:32.762Z
AP3B2wt236-F-2_w004727.png,AP3B2wt236-F__2,4727,23635.0,399,bad,bad,bad,bad,bad,bad,bad,bad,bad,bad,1,JL,11,2026-07-30T19:53:32.762Z
AP3B2wt236-F-2_w004852.png,AP3B2wt236-F__2,4852,24260.0,418,bad,bad,bad,bad,bad,bad,bad,bad,bad,bad,1,JL,137,2026-07-30T19:53:32.762Z
AP3B2wt236-F-2_w004994.png,AP3B2wt236-F__2,4994,24970.0,440,clean,clean,clean,clean,clean,clean,clean,clean,clean,clean,1,JL,6,2026-07-30T19:53:32.762Z
AP3B2wt236-F-2_w006494.png,AP3B2wt236-F__2,6494,32470.0,330,clean,clean,clean,clean,clean,clean,clean,clean,clean,clean,1,JL,18,2026-07-30T19:53:32.762Z
AP3B2wt236-F-2_w008887.png,AP3B2wt236-F__2,8887,44435.0,383,clean,clean,clean,clean,clean,unsure,clean,clean,clean,clean,1,JL,7,2026-07-30T19:53:32.762Z
AP3B2wt236-F-3_w000031.png,AP3B2wt236-F__3,31,155.0,484,bad,bad,bad,bad,bad,bad,bad,bad,bad,bad,1,JL,24,2026-07-30T19:53:32.762Z
AP3B2wt236-F-3_w009014.png,AP3B2wt236-F__3,9014,45070.0,198,bad,bad,bad,bad,bad,bad,bad,bad,bad,bad,1,JL,17,2026-07-30T19:53:32.762Z
AP3B2wt236-F-3_w009762.png,AP3B2wt236-F__3,9762,48810.0,76,clean,clean,clean,clean,clean,clean,clean,clean,clean,clean,1,JL,21,2026-07-30T19:53:32.762Z
AP3B2wt236-F-3_w010359.png,AP3B2wt236-F__3,10359,51795.0,185,bad,bad,bad,bad,bad,bad,bad,bad,bad,bad,1,JL,19,2026-07-30T19:53:32.762Z
AP3B2wt236-F-3_w011358.png,AP3B2wt236-F__3,11358,56790.0,7,bad,bad,bad,bad,bad,bad,bad,bad,bad,bad,1,JL,13,2026-07-30T19:53:32.762Z
AP3B2wt236-F-3_w016873.png,AP3B2wt236-F__3,16873,84365.0,469,clean,clean,clean,clean,clean,clean,clean,clean,clean,clean,1,JL,7,2026-07-30T19:53:32.762Z